0.000024
0.000034
0.000050
0.468467
0.999575
0.998127
0.998332
0.172882
0.000033
0.000026
0.000024
0.000024
0.000024
0.000024
0.000025
0.000026
0.000025
0.000025
0.000025
0.000025
0.000025
0.000024
0.000025
0.000025
0.000025
0.000025
0.000025
0.000024
0.000024
0.000024
0.000024
0.000024
0.000024
0.000025
0.000024
0.000027
0.000053
0.000092
0.000117
0.454146
0.008299
0.166193
0.686133
0.996505
0.992256
0.798305
0.413784
0.399310
0.053589
0.000031
0.000031
0.000032
0.000032
0.000043
0.000048
0.000041
0.000030
0.000034
0.000032
0.000033
0.000032
0.000031
0.000024
0.000024
0.000024
0.000024
0.000024
0.000024
0.000024
0.000024
0.000024
0.000024
0.000024
0.000024
0.000024
0.000024
0.000025
0.000027
0.000025
0.000026
0.000024
0.000025
0.000025
0.000024
0.000025
0.000025
0.000024
0.000025
0.000025
0.000025
0.000025
0.000028
0.000029
0.000025
0.000025
0.000025
0.000024
0.000024
0.000024
0.000024
0.000024
0.000025
0.000025
0.000024
0.000024
0.000024
0.000024
0.000024
0.000025
0.000025
0.000025
0.000025
0.000026
0.000025
0.000024
0.000024
0.000024
0.000024
0.000024
0.000024
0.000024
0.000026
0.000025
0.000024
0.000025
0.000025
0.000024
0.000024
0.000024
0.000024
0.000025
0.000025
0.000025
0.000025
0.000025
0.000025
0.000025
0.000026
0.000026
0.000026
0.000026
0.000025
0.000025
0.000025
0.000024
0.000024
0.000024
0.000024
0.000024
0.000025
0.000025
0.000025
0.000025
0.000024
0.000024
0.000024
0.000024
0.000024
0.000024
0.000024
0.000025
0.000025
0.000025
0.000025
0.000024
0.000024
0.000024
0.000025
0.000027
0.000060
0.000165
0.024136
0.000631
0.004340
0.108639
0.000814
0.002655
0.002619
0.000066
0.000070
0.392985
0.999603
0.999861
0.999809
0.999833
0.999877
0.999841
0.999944
0.999949
0.999797
0.999899
0.999793
0.999818
0.999833
0.995793
0.995427
0.197657
0.000077
0.000033
0.000025
0.000024
0.000024
0.000024
0.000025
0.000025
0.000024
0.000024
0.000024
0.000024
0.000024
0.000025
0.000024
0.000024
0.000024
0.000024
0.000024
0.000024
0.000024
0.000024
0.000024
0.000192
0.000080
0.000066
0.000043
0.000025
0.000025
0.000025
0.000026
0.000025
0.000024
0.000024
0.000024
0.000025
0.000027
0.000027
0.000028
0.000026
0.000027
0.000026
0.000026
0.000025
0.000026
0.000025
0.000027
0.000032
0.000031
0.000031
0.000028
0.000026
0.000026
0.000027
0.000028
0.000041
0.000041
0.000028
0.000026
0.000025
0.000056
0.000909
0.023880
0.572922
0.917878
0.632679
0.998059
0.999509
0.788682
0.001309
0.344241
0.196525
0.004685
0.228626
0.001207
0.000094
0.000121
0.000129
0.017030
0.000032
0.000025
0.000024
0.000024
0.000024
0.000024
0.000025
0.000025
0.000036
0.000028
0.000026
0.000025
0.000025
0.000024
0.000024
0.000024
0.000024
0.000024
0.000024
0.000025
0.000025
0.000025
0.000024
0.000024
0.000025
0.000024
0.000024
0.000025
0.000025
0.000024
0.000024
0.000024
0.000024
0.000024
0.000025
0.000024
0.000025
0.000024
0.000024
0.000025
0.000025
0.000025
0.000024
0.000025
0.000025
0.000025
0.000025
0.000025
0.000024
0.000024
0.000024
0.000024
0.000024
0.000025
0.000024
0.000025
0.000026
0.000026
0.000026
0.000025
0.000024
0.000024
0.000024
0.000024
0.000024
0.000024
0.000024
0.000024
0.000025
0.000026
0.000024
0.000024
0.000024
0.000024
0.000024
0.000025
0.000024
0.000024
0.000024
0.000024
0.000024
0.000024
0.000024
0.000025
0.000024
0.000025
0.000025
0.000024
0.000024
0.000025
0.000025
0.000026
0.000027
0.000026
0.000025
0.000024
0.000024
0.000025
0.000024
0.000025
0.000025
0.000025
0.000024
0.000024
0.000024
0.000024
0.000024
0.000024
0.000025
0.000025
0.000025
0.000025
0.000024
0.000025
0.000025
0.000024
0.000024
0.000024
0.000024
0.000024
0.000024
0.000024
0.000024
0.000024
0.000024
0.000024
0.000024
0.000024
0.000024
0.000024
0.000024
0.000024
0.000024
0.000024
0.000024
0.000025
0.000024
0.000024
0.000024
0.000025
0.000026
0.000028
0.000025
0.000024
0.000024
0.000024
0.000024
0.000024
0.000027
0.000026
0.000025
0.000025
0.000025
0.000024
0.000024
0.000025
0.000024
0.000024
0.000024
0.000025
0.000025
0.000025
0.000027
0.000028
0.000026
0.000025
0.000024
0.000024
0.000025
0.000024
0.000024
0.000024
0.000024
0.000024
0.000024
0.000024
0.000025
0.000387
0.999525
0.999936
0.999939
0.999891
0.999625
0.999600
0.999347
0.999733
0.999921
0.999923
0.999910
0.999903
0.999940
0.999952
0.999964
0.999963
0.999959
0.999942
0.999876
0.821493
0.403441
0.307910
0.996893
0.998904
0.981560
0.273267
0.000032
0.000024
0.000024
0.000024
0.000024
0.000024
0.000024
0.000024
0.000025
0.000024
0.000024
0.000024
0.000024
0.000024
0.000025
0.000025
0.000026
0.000030
0.000025
0.000026
0.000024
0.000024
0.000024
0.000024
0.000024
0.000025
0.000024
0.000025
0.000024
0.000024
0.000024
0.000024
0.000024
0.000024
0.000024
0.000024
0.000024
0.000025
0.000025
0.000025
0.000024
0.000024
0.000024
0.000024
0.000024
0.000024
0.000024
0.000024
0.000025
0.000028
0.000034
0.000036
0.000028
0.000027
0.000025
0.000025
0.000025
0.000025
0.000025
0.000024
0.000025
0.000040
0.999011
0.999804
0.999875
0.997359
0.999943
0.999876
0.998913
0.994244
0.199144
0.996332
0.494078
0.999408
0.999831
0.999923
0.582883
0.797480
0.000112
0.191522
0.710014
0.798468
0.011248
0.000040
0.000031
0.000025
0.000024
0.000024
0.000025
0.000025
0.000024
0.000025
0.000025
0.000024
0.000024
0.000024
0.000024
0.000024
0.000025
0.000027
0.000030
0.000027
0.000025
0.000026
0.000024
0.000024
0.000024
0.000025
0.000024
0.000024
0.000024
0.000024
0.000024
0.000024
0.000024
0.000024
0.000025
0.000025
0.000026
0.000026
0.000034
0.000026
0.000028
0.000033
0.000312
0.787069
0.999547
0.999912
0.999271
0.802330
0.398738
0.998976
0.998752
0.999511
0.999893
0.999943
0.999887
0.999498
0.999625
0.999015
0.000025
0.000024
0.000024
0.000024
0.000024
0.000024
0.000025
0.000025
0.000025
0.000025
0.000025
0.000024
0.000024
0.000024
0.000024
0.000025
0.000025
0.000025
0.000025
0.000025
0.000025
0.000025
0.000024
0.000024
0.000024
0.000025
0.000025
0.000026
0.000026
0.000025
0.000025
0.000024
0.000024
0.000024
0.000024
0.000024
0.000024
0.000024
0.000024
0.000024
0.000024
0.000024
0.000024
0.000024
0.000024
0.000024
0.000024
0.000024
0.000024
0.000024
0.000025
0.000025
0.000025
0.000026
0.000026
0.000025
0.000025
0.000025
0.000024
0.000024
0.000024
0.000024
0.000024
0.000024
0.000024
0.000025
0.000027
0.000026
0.000025
0.000025
0.000025
0.000024
0.000024
0.000024
0.000024
0.000024
0.000025
0.000025
0.000024
0.000024
0.000024
0.000024
0.000025
0.000025
0.000024
0.000024
0.000025
0.000024
0.000024
0.000025
0.000025
0.000025
0.000025
0.000025
0.000025
0.000024
0.000025
0.000025
0.000025
0.000025
0.000025
0.000025
0.000025
0.000025
0.000025
0.000025
0.000025
0.000024
0.000024
0.000024
0.000024
0.000024
0.000025
0.000026
0.000027
0.000025
0.000025
0.000025
0.000024
0.000026
0.000043
0.998658
0.999944
0.999959
0.999922
0.999435
0.000138
0.793463
0.998575
0.999906
0.999952
0.999874
0.999450
0.414841
0.398340
0.093653
0.200293
0.400027
0.198570
0.000326
0.000046
0.000026
0.000025
0.000025
0.000025
0.000025
0.000025
0.000025
0.000024
0.000024
0.000024
0.000024
0.000024
0.000024
0.000024
0.000025
0.000025
0.000025
0.000025
0.000025
0.000031
0.000026
0.000028
0.000026
0.000025
0.000025
0.000025
0.000025
0.000025
0.000025
0.000024
0.000024
0.000025
0.000025
0.000025
0.000025
0.000025
0.000024
0.000024
0.000024
0.000024
0.000025
0.000025
0.000026
0.000025
0.000025
0.000024
0.000025
0.000024
0.000025
0.000024
0.000025
0.000025
0.000025
0.000025
0.000025
0.000024
0.000024
0.000025
0.000025
0.000025
0.000024
0.000024
0.000024
0.000025
0.000024
0.000024
0.000024
0.000024
0.000024
0.000024
0.000024
0.000024
0.000025
0.000024
0.000025
0.000024
0.000024
0.000024
0.000024
0.000024
0.000024
0.000024
0.000024
0.000024
0.000024
0.000024
0.000024
0.000024
0.000024
0.000025
0.000025
0.000024
0.000024
0.000024
0.000024
0.000024
0.000024
0.000024
0.000025
0.000024
0.000025
0.000025
0.000026
0.000032
0.000286
0.000062
0.000052
0.000038
0.000045
0.000046
0.695313
0.996067
0.795829
0.904585
0.995082
0.000845
0.656023
0.992601
0.999352
0.999229
0.996438
0.639692
0.000133
0.000027
0.000025
0.000024
0.000024
0.000024
0.000024
0.000024
0.000024
0.000024
0.000024
0.000024
0.000024
0.000025
0.000024
0.000024
0.000024
0.000025
0.000024
0.000024
0.000024
0.000024
0.000025
0.000024
0.000024
0.000024
0.000025
0.000024
0.000024
0.000024
0.000024
0.000025
0.000024
0.000024
0.000025
0.000025
0.000025
0.000024
0.000024
0.000024
0.000025
0.000024
0.000024
0.000024
0.000024
0.000024
0.000024
0.000024
0.000024
0.000024
0.000024
0.000024
0.000025
0.000025
0.000025
0.000025
0.000025
0.000025
0.000024
0.000024
0.000024
0.000024
0.000025
0.000024
0.000024
0.000024
0.000025
0.000025
0.000024
0.000025
0.000025
0.000024
0.000024
0.000024
0.000024
0.000024
0.000024
0.000024
0.000024
0.000024
0.000024
0.000024
0.000024
0.000024
0.000024
0.000024
0.000024
0.000024
0.000025
0.000025
0.000025
0.000025
0.000026
0.000028
0.000027
0.000027
0.000025
0.000025
0.000024
0.000024
0.000024
0.000024
0.000025
0.000024
0.000025
0.000025
0.000024
0.000024
0.000024
0.000024
0.000024
0.000024
0.000024
0.000024
0.000025
0.000025
0.000024
0.000025
0.000026
0.000025
0.000025
0.000025
0.000024
0.000024
0.000024
0.000025
0.000025
0.000025
0.000027
0.000025
0.000025
0.000026
0.000026
0.000026
0.000027
0.000025
0.000024
0.000024
0.000024
0.000024
0.000025
0.000024
0.000024
0.000024
0.000024
0.000024
0.000024
0.000024
0.000024
0.000024
0.000024
0.000027
0.000027
0.000026
0.000027
0.000025
0.000024
0.000024
0.000024
0.000024
0.000024
0.000024
0.000024
0.000024
0.000026
0.000026
0.000027
0.000025
0.000025
0.000025
0.000024
0.000024
0.000024
0.000025
0.000024
0.000024
0.000024
0.000025
0.000025
0.000025
0.000024
0.000024
0.000024
0.000024
0.000024
0.000024
0.000024
0.000024
0.000024
0.000024
0.000025
0.000024
0.000024
0.000024
0.000025
0.000024
0.000024
0.000024
0.000024
0.000024
0.000024
0.000024
0.000024
0.000024
0.000024
0.000024
0.000025
0.000024
0.000025
0.000027
0.000025
0.000025
0.000025
0.000025
0.000025
0.000025
0.000025
0.000024
0.000024
0.000024
0.000025
0.000053
0.000471
0.674204
0.996706
0.995739
0.792220
0.998966
0.998165
0.999933
0.999962
0.999964
0.999943
0.999822
0.999888
0.999811
0.999906
0.999611
0.998856
0.997000
0.825341
0.799833
0.999613
0.968388
0.472151
0.590941
0.779888
0.991335
0.000036
0.000026
0.000024
0.000024
0.000024
0.000024
0.000025
0.000025
0.000025
0.000024
0.000025
0.000024
0.000025
0.000025
0.000025
0.000025
0.000024
0.000024
0.000024
0.000024
0.000024
0.000024
0.000025
0.000025
0.000025
0.000025
0.000025
0.000025
0.000025
0.000025
0.000025
0.000024
0.000024
0.000024
0.000024
0.000025
0.000024
0.000024
0.000024
0.000024
0.000025
0.000024
0.000025
0.000025
0.000025
0.000025
0.000025
0.000025
0.000025
0.000024
0.000025
0.000025
0.000025
0.000025
0.000025
0.000025
0.000025
0.000025
0.000024
0.000024
0.000025
0.000025
0.000024
0.000024
0.000024
0.000024
0.000025
0.000025
0.000024
0.000024
0.000024
0.000024
0.000024
0.000024
0.000024
0.000024
0.000024
0.000024
0.000024
0.000024
0.000024
0.000024
0.000025
0.000024
0.000024
0.000024
0.000024
0.000024
0.000024
0.000024
0.000025
0.000025
0.000026
0.000028
0.000028
0.000027
0.000026
0.000025
0.000025
0.000025
0.000024
0.000024
0.000025
0.000109
0.391725
0.799574
0.400035
0.480766
0.999812
0.999044
0.999860
0.999934
0.999914
0.999946
0.999878
0.999943
0.999725
0.999910
0.999958
0.999957
0.999957
0.999954
0.999800
0.999557
0.999795
0.999618
0.999742
0.999647
0.798399
0.000053
0.000027
0.000025
0.000025
0.000025
0.000026
0.000026
0.000025
0.000025
0.000024
0.000024
0.000025
0.000025
0.000025
0.000025
0.000027
0.000025
0.000025
0.000025
0.000025
0.000024
0.000025
0.000024
0.000024
0.000024
0.000024
0.000025
0.000024
0.000024
0.000024
0.000024
0.000024
0.000024
0.000025
0.000025
0.000024
0.000025
0.000025
0.000025
0.000025
0.000025
0.000025
0.000025
0.000025
0.000025
0.000025
0.000025
0.000026
0.000026
0.000025
0.000025
0.000025
0.000025
0.000026
0.000025
0.000025
0.000025
0.000026
0.000025
0.000025
0.000025
0.000024
0.000024
0.000024
0.000024
0.000024
0.000024
0.000024
0.000024
0.000025
0.000025
0.000024
0.000024
0.000024
0.000024
0.000024
0.000024
0.000025
0.000025
0.000025
0.000024
0.000025
0.000025
0.000025
0.000025
0.000025
0.000025
0.000025
0.000025
0.000025
0.000025
0.000025
0.000025
0.000025
0.000025
0.000024
0.000025
0.000025
0.000027
0.000025
0.000024
0.000025
0.000024
0.000024
0.000024
0.000024
0.000024
0.000024
0.000024
0.000024
0.000025
0.000024
0.000024
0.000024
0.000024
0.000024
0.000024
0.000024
0.000024
0.000024
0.000024
0.000024
0.000024
0.000024
0.000024
0.000024
0.000024
0.000024
0.000024
0.000024
0.000025
0.000029
0.000031
0.028044
0.943005
0.983576
0.998882
0.999438
0.956397
0.203473
0.199647
0.017757
0.592613
0.198222
0.831460
0.999686
0.999279
0.400116
0.158249
0.000381
0.000067
0.000051
0.000027
0.000025
0.000024
0.000024
0.000024
0.000024
0.000024
0.000024
0.000025
0.000025
0.000027
0.000029
0.000029
0.000026
0.000024
0.000024
0.000024
0.000024
0.000024
0.000024
0.000024
0.000024
0.000024
0.000025
0.000025
0.000027
0.000027
0.000025
0.000024
0.000024
0.000024
0.000025
0.000026
0.000029
0.000026
0.000028
0.000025
0.000024
0.000024
0.000024
0.000024
0.000024
0.000024
0.000024
0.000024
0.000024
0.000024
0.000024
0.000024
0.000025
0.000025
0.000024
0.000024
0.000024
0.000024
0.000024
0.000024
0.000024
0.000024
0.000024
0.000025
0.000025
0.000024
0.000025
0.000024
0.000024
0.000025
0.000024
0.000024
0.000030
0.000045
0.001007
0.625387
0.998378
0.999693
0.800136
0.000228
0.043884
0.674274
0.395076
0.362359
0.999354
0.999865
0.999940
0.999964
0.999939
0.999913
0.997470
0.998577
0.998369
0.999556
0.998088
0.797553
0.599765
0.595987
0.000032
0.000025
0.000024
0.000024
0.000025
0.000026
0.000025
0.000025
0.000025
0.000025
0.000025
0.000024
0.000024
0.000024
0.000024
0.000025
0.000025
0.000025
0.000025
0.000025
0.000025
0.000025
0.000024
0.000024
0.000024
0.000024
0.000024
0.000025
0.000025
0.000024
0.000024
0.000025
0.000025
0.000025
0.000025
0.000025
0.000025
0.000025
0.000025
0.000025
0.000025
0.000025
0.000025
0.000025
0.000028
0.000045
0.997924
0.999235
0.999132
0.999792
0.999681
0.999939
0.999874
0.999653
0.798645
0.001646
0.398981
0.950820
0.999844
0.999842
0.999833
0.999697
0.000134
0.449000
0.999653
0.999840
0.999688
0.000055
0.000026
0.000025
0.000025
0.000025
0.000025
0.000025
0.000025
0.000028
0.000033
0.000034
0.000027
0.000038
0.000030
0.000027
0.000032
0.000028
0.000026
0.000025
0.000025
0.000024
0.000025
0.000024
0.000025
0.000024
0.000024
0.000024
0.000024
0.000024
0.000025
0.000025
0.000025
0.000025
0.000025
0.000025
0.000025
0.000024
0.000024
0.000024
0.000024
0.000025
0.000024
0.000024
0.000024
0.000025
0.000025
0.000025
0.000024
0.000024
0.000024
0.000025
0.000025
0.000025
0.000025
0.000025
0.000024
0.000024
0.000025
0.000025
0.000025
0.000025
0.000025
0.000025
0.000025
0.000025
0.000024
0.000024
0.000024
0.000024
0.000024
0.000024
0.000025
0.000025
0.000027
0.000025
0.000025
0.000025
0.000025
0.000024
0.000024
0.000025
0.000026
0.000025
0.000025
0.000025
0.000027
0.000097
0.200509
0.998154
0.999850
0.999874
0.999893
0.999006
0.999458
0.999656
0.998790
0.611774
0.596876
0.637837
0.997599
0.999404
0.994527
0.000047
0.000025
0.000024
0.000025
0.000024
0.000024
0.000024
0.000024
0.000024
0.000024
0.000024
0.000024
0.000025
0.000025
0.000025
0.000025
0.000024
0.000025
0.000024
0.000025
0.000024
0.000024
0.000024
0.000025
0.000025
0.000025
0.000024
0.000024
0.000024
0.000025
0.000025
0.000025
0.000025
0.000024
0.000025
0.000026
0.000027
0.000026
0.000025
0.000025
0.000025
0.000024
0.000024
0.000025
0.000025
0.000025
0.000025
0.000025
0.000024
0.000025
0.000025
0.000024
0.000025
0.000025
0.000033
0.999667
0.999920
0.999852
0.005257
0.034821
0.000129
0.996352
0.999807
0.999851
0.999884
0.999871
0.449876
0.997640
0.973043
0.993164
0.999463
0.999357
0.999275
0.999785
0.999606
0.895274
0.000036
0.000037
0.000024
0.000024
0.000024
0.000024
0.000024
0.000025
0.000026
0.000032
0.000029
0.000032
0.000027
0.000026
0.000025
0.000025
0.000025
0.000024
0.000024
0.000024
0.000024
0.000025
0.000024
0.000024
0.000024
0.000025
0.000024
0.000024
0.000024
0.000025
0.000025
0.000025
0.000027
0.000025
0.000025
0.000026
0.000032
0.000089
0.000088
0.000033
0.000025
0.000026
0.000026
0.000025
0.000025
0.000025
0.000025
0.000027
0.000026
0.000024
0.000024
0.000025
0.000025
0.000025
0.000025
0.000025
0.000024
0.000024
0.000024
0.000025
0.000025
0.000030
0.000027
0.000026
0.000025
0.000024
0.000024
0.000024
0.000024
0.000025
0.000024
0.000024
0.000024
0.000025
0.000027
0.000034
0.000028
0.000027
0.000026
0.000025
0.000024
0.000025
0.000024
0.000024
0.000025
0.000025
0.000026
0.000025
0.000024
0.000026
0.000031
0.000027
0.000026
0.000027
0.000025
0.000024
0.000025
0.000025
0.000025
0.000025
0.000025
0.000025
0.000025
0.000026
0.000027
0.000029
0.000071
0.000148
0.000075
0.000553
0.000477
0.000591
0.000065
0.000034
0.000031
0.000030
0.000098
0.790911
0.999674
0.999867
0.999925
0.999935
0.999951
0.999532
0.799775
0.892003
0.073415
0.200957
0.000338
0.000027
0.000025
0.000025
0.000034
0.000063
0.000129
0.000044
0.200597
0.201060
0.000404
0.000237
0.000035
0.000025
0.000024
0.000024
0.000024
0.000024
0.000024
0.000025
0.000024
0.000024
0.000024
0.000024
0.000024
0.000025
0.000025
0.000025
0.000025
0.000025
0.000025
0.000025
0.000024
0.000025
0.000025
0.000026
0.000025
0.000025
0.000025
0.000025
0.000025
0.000025
0.000025
0.000025
0.000026
0.000025
0.000025
0.000025
0.000027
0.000025
0.000026
0.000026
0.000025
0.000025
0.000025
0.000025
0.000025
0.000026
0.000025
0.000026
0.000025
0.000025
0.000024
0.000025
0.000025
0.000025
0.000025
0.000025
0.000025
0.000025
0.000025
0.000025
0.000025
0.000025
0.000024
0.000024
0.000026
0.000024
0.000025
0.000025
0.000025
0.000026
0.000027
0.000026
0.000027
0.000031
0.000026
0.000025
0.000026
0.000025
0.000025
0.000025
0.000025
0.000025
0.000024
0.000024
0.000024
0.000024
0.000025
0.000025
0.000025
0.000024
0.000024
0.000025
0.000024
0.000025
0.000025
0.000025
0.000025
0.000024
0.000025
0.000024
0.000024
0.000024
0.000025
0.000025
0.000025
0.000025
0.000025
0.000025
0.000025
0.000024
0.000024
0.000024
0.000025
0.000026
0.000028
0.000026
0.000024
0.000024
0.000024
0.000025
0.000025
0.000032
0.000059
0.000064
0.000044
0.000432
0.008314
0.000343
0.000085
0.000068
0.000050
0.000044
0.798428
0.999058
0.598004
0.000038
0.000035
0.000192
0.754576
0.999483
0.999803
0.998719
0.000037
0.000025
0.000025
0.000025
0.000025
0.000025
0.000024
0.000024
0.000024
0.000024
0.000024
0.000024
0.000024
0.000024
0.000025
0.000025
0.000024
0.000024
0.000025
0.000026
0.000025
0.000025
0.000025
0.000025
0.000025
0.000025
0.000024
0.000024
0.000024
0.000024
0.000024
0.000025
0.000026
0.000026
0.000027
0.000025
0.000026
0.000026
0.000026
0.000027
0.000029
0.000028
0.000027
0.000024
0.000024
0.000024
0.000024
0.000025
0.000025
0.000026
0.000041
0.000794
0.000038
0.000042
0.000027
0.000026
0.000025
0.000025
0.000024
0.000024
0.000024
0.000025
0.000024
0.000025
0.000025
0.000025
0.000024
0.000024
0.000024
0.000024
0.000024
0.000024
0.000024
0.000024
0.000025
0.000024
0.000025
0.000024
0.000025
0.000025
0.000025
0.000024
0.000024
0.000024
0.000024
0.000024
0.000024
0.000024
0.000024
0.000024
0.000024
0.000024
0.000024
0.000024
0.000024
0.000024
0.000024
0.000024
0.000024
0.000024
0.000024
0.000024
0.000025
0.000025
0.000025
0.000025
0.000025
0.000025
0.000027
0.000026
0.000026
0.000024
0.000024
0.000024
0.000024
0.000024
0.000033
0.897777
0.999463
0.999860
0.999898
0.992267
0.799666
0.932999
0.999907
0.999918
0.999868
0.999938
0.999865
0.999876
0.999957
0.999963
0.999923
0.999914
0.999602
0.999663
0.999854
0.999907
0.999613
0.999249
0.994442
0.000057
0.190309
0.399817
0.000221
0.000041
0.000026
0.000025
0.000024
0.000024
0.000024
0.000024
0.000024
0.000026
0.000024
0.000024
0.000024
0.000024
0.000024
0.000024
0.000025
0.000025
0.000025
0.000025
0.000025
0.000024
0.000024
0.000024
0.000025
0.000025
0.000025
0.000025
0.000026
0.000026
0.000025
0.000024
0.000024
0.000024
0.000024
0.000025
0.000024
0.000024
0.000025
0.000025
0.000024
0.000024
0.000024
0.000024
0.000024
0.000024
0.000025
0.000025
0.000024
0.000025
0.000025
0.000025
0.000024
0.000025
0.000026
0.000029
0.000025
0.000025
0.000024
0.000024
0.000024
0.000024
0.000024
0.000024
0.000024
0.000024
0.000024
0.000025
0.000025
0.000025
0.000025
0.000025
0.000025
0.000024
0.000024
0.000024
0.000025
0.000024
0.000024
0.000024
0.000024
0.000025
0.000024
0.000024
0.000024
0.000025
0.000024
0.000024
0.000024
0.000024
0.000024
0.000024
0.000024
0.000024
0.000028
0.000026
0.000026
0.000025
0.000024
0.000025
0.000025
0.000027
0.000029
0.000029
0.000027
0.000025
0.000025
0.000025
0.000024
0.000024
0.000024
0.000024
0.000024
0.000024
0.000024
0.000024
0.000024
0.000024
0.000024
0.000025
0.000024
0.000024
0.000024
0.000024
0.000024
0.000024
0.000025
0.000025
0.000025
0.000024
0.000025
0.000025
0.000024
0.000024
0.000024
0.000024
0.000025
0.000024
0.000025
0.000025
0.000025
0.000024
0.000025
0.000025
0.000024
0.000024
0.000024
0.000024
0.000024
0.000025
0.000024
0.000024
0.000025
0.000025
0.000025
0.000025
0.000024
0.000024
0.000024
0.000025
0.000025
0.000025
0.000026
0.000118
0.998552
0.999590
0.999273
0.398844
0.393002
0.000378
0.000733
0.000134
0.199502
0.196012
0.000083
0.000037
0.000025
0.000025
0.000025
0.000027
0.000077
0.230132
0.000227
0.000108
0.387829
0.000066
0.000025
0.000029
0.000025
0.000025
0.000025
0.000024
0.000024
0.000025
0.000024
0.000024
0.000024
0.000024
0.000024
0.000024
0.000024
0.000025
0.000024
0.000024
0.000025
0.000025
0.000024
0.000024
0.000024
0.000024
0.000024
0.000024
0.000024
0.000024
0.000024
0.000024
0.000024
0.000024
0.000024
0.000024
0.000024
0.000024
0.000025
0.000024
0.000024
0.000024
0.000024
0.000024
0.000024
0.000024
0.000025
0.000025
0.000025
0.000024
0.000024
0.000024
0.000024
0.000024
0.000024
0.000024
0.000025
0.000024
0.000024
0.000024
0.000024
0.000024
0.000024
0.000024
0.000024
0.000024
0.000024
0.000024
0.000024
0.000024
0.000024
0.000024
0.000024
0.000024
0.000024
0.000024
0.000024
0.000024
0.000024
0.000024
0.000025
0.000024
0.000024
0.000024
0.000024
0.000024
0.000024
0.000024
0.000024
0.000024
0.000024
0.000024
0.000024
0.000024
0.000024
0.000024
0.000024
0.000032
0.000105
0.875659
0.999946
0.999894
0.999897
0.955825
0.999899
0.999839
0.999507
0.600309
0.251359
0.593966
0.212154
0.000418
0.000459
0.000719
0.000227
0.396597
0.394963
0.000234
0.000027
0.000025
0.000024
0.000024
0.000025
0.000024
0.000024
0.000024
0.000025
0.000024
0.000024
0.000025
0.000025
0.000024
0.000024
0.000024
0.000024
0.000024
0.000025
0.000024
0.000024
0.000024
0.000024
0.000024
0.000024
0.000024
0.000024
0.000025
0.000026
0.000025
0.000027
0.000024
0.000024
0.000025
0.000024
0.000024
0.000024
0.000024
0.000024
0.000024
0.000024
0.000024
0.000025
0.000025
0.000025
0.000029
0.000026
0.000025
0.000026
0.000025
0.000024
0.000024
0.000024
0.000024
0.000024
0.000024
0.000024
0.000024
0.000024
0.000024
0.000024
0.000024
0.000024
0.000024
0.000024
0.000025
0.000025
0.000027
0.000031
0.000039
0.000034
0.000026
0.000025
0.000024
0.000024
0.000024
0.000025
0.000025
0.000024
0.000025
0.000024
0.000024
0.000024
0.000024
0.000024
0.000025
0.000024
0.000024
0.000025
0.000025
0.000024
0.000024
0.000024
0.000024
0.000025
0.000024
0.000024
0.000024
0.000024
0.000024
0.000024
0.000024
0.000024
0.000024
0.000025
0.000025
0.000024
0.000025
0.000024
0.000024
0.000024
0.000024
0.000024
0.000024
0.000024
0.000025
0.000024
0.000024
0.000024
0.000025
0.000029
0.000030
0.000046
0.000032
0.000036
0.000032
0.000029
0.000026
0.000025
0.000025
0.000024
0.000024
0.000025
0.000024
0.000025
0.000026
0.000026
0.000025
0.000042
0.399531
0.799956
0.999591
0.999903
0.993881
0.396924
0.000133
0.000051
0.999107
0.798947
0.999436
0.999832
0.999667
0.196132
0.000057
0.000062
0.000166
0.998838
0.993824
0.597251
0.400604
0.999705
0.959575
0.989487
0.000078
0.000025
0.000024
0.000024
0.000025
0.000024
0.000025
0.000024
0.000024
0.000024
0.000024
0.000024
0.000024
0.000024
0.000024
0.000026
0.000025
0.000024
0.000024
0.000024
0.000024
0.000024
0.000025
0.000024
0.000024
0.000025
0.000024
0.000024
0.000025
0.000028
0.000085
0.539723
0.997691
0.020075
0.000576
0.198247
0.198521
0.203785
0.798405
0.806151
0.803099
0.999615
0.993723
0.186965
0.000027
0.000024
0.000024
0.000024
0.000025
0.000024
0.000024
0.000024
0.000024
0.000024
0.000024
0.000024
0.000024
0.000024
0.000024
0.000025
0.000025
0.000026
0.000025
0.000024
0.000026
0.000027
0.000027
0.000031
0.000030
0.000031
0.000028
0.000026
0.000026
0.000025
0.000025
0.000025
0.000027
0.000026
0.000027
0.000027
0.000029
0.000028
0.000026
0.000025
0.000025
0.000026
0.000027
0.000029
0.000039
0.000076
0.000050
0.000059
0.000030
0.000026
0.000025
0.000026
0.000025
0.000024
0.000025
0.000025
0.000026
0.000026
0.000025
0.000025
0.000026
0.000026
0.000026
0.000026
0.000024
0.000024
0.000024
0.000024
0.000024
0.000025
0.000024
0.000025
0.000025
0.000025
0.000024
0.000024
0.000024
0.000025
0.000025
0.000025
0.000025
0.000025
0.000025
0.000025
0.000024
0.000024
0.000024
0.000024
0.000024
0.000024
0.000025
0.000026
0.000026
0.000025
0.000025
0.000025
0.000025
0.000025
0.000025
0.000025
0.000024
0.000024
0.000024
0.000024
0.000026
0.000026
0.000026
0.000026
0.000025
0.000025
0.000025
0.000025
0.000025
0.000025
0.000025
0.000025
0.000025
0.000024
0.000024
0.000024
0.000024
0.000025
0.000025
0.000025
0.000024
0.000024
0.000024
0.000024
0.000025
0.000030
0.000030
0.000027
0.000024
0.000025
0.000024
0.000024
0.000025
0.000024
0.000024
0.000025
0.000025
0.000024
0.000026
0.000033
0.000201
0.325572
0.800002
0.799648
0.833346
0.536286
0.000094
0.000050
0.000032
0.000033
0.000059
0.000850
0.038934
0.000110
0.000122
0.000079
0.000133
0.000052
0.000029
0.000030
0.000033
0.000035
0.000025
0.000025
0.000025
0.000025
0.000025
0.000025
0.000024
0.000025
0.000024
0.000024
0.000024
0.000024
0.000024
0.000024
0.000024
0.000025
0.000027
0.000031
0.000035
0.000031
0.000026
0.000025
0.000025
0.000024
0.000024
0.000024
0.000024
0.000025
0.000024
0.000024
0.000024
0.000024
0.000024
0.000024
0.000025
0.000024
0.000024
0.000025
0.000024
0.000024
0.000024
0.000024
0.000024
0.000025
0.000024
0.000025
0.000025
0.000024
0.000024
0.000025
0.000024
0.000024
0.000024
0.000024
0.000024
0.000024
0.000025
0.000025
0.000025
0.000025
0.000025
0.000025
0.000024
0.000024
0.000024
0.000024
0.000024
0.000025
0.000024
0.000025
0.000025
0.000024
0.000025
0.000026
0.000026
0.000024
0.000024
0.000025
0.000024
0.000024
0.000024
0.000025
0.000024
0.000026
0.000027
0.000028
0.000029
0.000026
0.000024
0.000025
0.000024
0.000024
0.000024
0.000024
0.000024
0.000024
0.000024
0.000024
0.000024
0.000025
0.000056
0.000081
0.197951
0.001842
0.999341
0.999856
0.999414
0.995797
0.999604
0.999305
0.999228
0.999724
0.999170
0.999878
0.999959
0.999940
0.999915
0.999904
0.999922
0.999905
0.999815
0.999803
0.999941
0.999935
0.999949
0.243126
0.000029
0.000025
0.000024
0.000024
0.000024
0.000024
0.000024
0.000024
0.000024
0.000024
0.000024
0.000024
0.000024
0.000024
0.000024
0.000024
0.000024
0.000024
0.000025
0.000024
0.000024
0.000024
0.000024
0.000024
0.000025
0.000025
0.000024
0.000025
0.000026
0.000028
0.000029
0.000028
0.000025
0.000024
0.000024
0.000024
0.000024
0.000024
0.000024
0.000024
0.000024
0.000024
0.000025
0.000025
0.000025
0.000025
0.000024
0.000024
0.000025
0.000024
0.000025
0.000028
0.000030
0.000027
0.000025
0.000025
0.000025
0.000025
0.000025
0.000025
0.000025
0.000025
0.000026
0.000027
0.000027
0.000028
0.000026
0.000025
0.000025
0.000025
0.000024
0.000024
0.000024
0.000024
0.000025
0.000025
0.000025
0.000025
0.000026
0.000025
0.000025
0.000025
0.000024
0.000024
0.000025
0.000025
0.000025
0.000024
0.000024
0.000024
0.000024
0.000024
0.000025
0.000025
0.000027
0.000027
0.000026
0.000027
0.000027
0.000026
0.000027
0.000028
0.000026
0.000025
0.000024
0.000028
0.000026
0.000027
0.000026
0.000025
0.000025
0.000026
0.000025
0.000025
0.000025
0.000025
0.000024
0.000024
0.000024
0.000024
0.000027
0.000025
0.000025
0.000025
0.000025
0.000024
0.000024
0.000025
0.000024
0.000025
0.000025
0.000025
0.000028
0.000044
0.000107
0.000075
0.000382
0.285332
0.596868
0.999788
0.999942
0.999934
0.999927
0.999232
0.000824
0.074305
0.002293
0.000339
0.000130
0.000086
0.000054
0.000043
0.000082
0.267148
0.885351
0.965793
0.999927
0.999935
0.999534
0.999698
0.802552
0.198128
0.000102
0.000028
0.000026
0.000025
0.000025
0.000025
0.000024
0.000024
0.000024
0.000024
0.000024
0.000024
0.000024
0.000024
0.000024
0.000024
0.000025
0.000025
0.000025
0.000025
0.000025
0.000024
0.000024
0.000024
0.000024
0.000024
0.000024
0.000025
0.000025
0.000025
0.000025
0.000025
0.000025
0.000025
0.000025
0.000024
0.000024
0.000024
0.000024
0.000024
0.000024
0.000025
0.000025
0.000026
0.000025
0.000025
0.000025
0.000025
0.000025
0.000025
0.000025
0.000025
0.000026
0.000030
0.000031
0.000029
0.000029
0.000026
0.000025
0.000025
0.000025
0.000025
0.000024
0.000024
0.000024
0.000024
0.000024
0.000024
0.000024
0.000025
0.000024
0.000024
0.000025
0.000024
0.000024
0.000025
0.000025
0.000024
0.000024
0.000024
0.000024
0.000025
0.000136
0.599582
0.999272
0.993522
0.999362
0.999883
0.996576
0.048131
0.000211
0.197831
0.567920
0.995251
0.801906
0.792170
0.761626
0.602624
0.999772
0.999812
0.799186
0.000107
0.000026
0.000025
0.000025
0.000024
0.000024
0.000025
0.000025
0.000026
0.000026
0.000024
0.000024
0.000024
0.000024
0.000024
0.000024
0.000025
0.000025
0.000025
0.000026
0.000027
0.000029
0.000027
0.000027
0.000025
0.000025
0.000024
0.000025
0.000025
0.000025
0.000025
0.000025
0.000024
0.000024
0.000025
0.000024
0.000024
0.000024
0.000024
0.000024
0.000024
0.000024
0.000024
0.000024
0.000024
0.000024
0.000025
0.000024
0.000024
0.000024
0.000024
0.000024
0.000024
0.000025
0.000024
0.000025
0.000026
0.000027
0.000025
0.000024
0.000024
0.000024
0.000024
0.000024
0.000024
0.000024
0.000024
0.000025
0.000024
0.000024
0.000025
0.000025
0.000025
0.000025
0.000025
0.000026
0.000025
0.000025
0.000026
0.000029
0.000026
0.000026
0.000025
0.000025
0.000025
0.000024
0.000025
0.000026
0.000026
0.000025
0.000025
0.000024
0.000024
0.000024
0.000025
0.000026
0.000027
0.000027
0.000025
0.000025
0.000024
0.000024
0.000024
0.000025
0.000026
0.000028
0.000028
0.000026
0.000026
0.000026
0.000026
0.000026
0.000026
0.000028
0.000026
0.000025
0.000025
0.000024
0.000024
0.000024
0.000024
0.000024
0.000025
0.000024
0.000024
0.000025
0.000025
0.000025
0.000024
0.000025
0.000025
0.000025
0.000024
0.000024
0.000024
0.000024
0.000024
0.000024
0.000024
0.000026
0.000026
0.000029
0.000080
0.000029
0.000027
0.000026
0.000037
0.000030
0.000028
0.000027
0.000025
0.000026
0.000025
0.000025
0.000024
0.000024
0.000024
0.000025
0.000024
0.000028
0.000070
0.998873
0.999844
0.999907
0.999906
0.999931
0.999880
0.999939
0.999926
0.999955
0.999965
0.999965
0.999965
0.999965
0.999960
0.999963
0.999966
0.999963
0.986483
0.000168
0.000024
0.000024
0.000024
0.000024
0.000024
0.000025
0.000024
0.000025
0.000025
0.000027
0.000054
0.000071
0.000045
0.000026
0.000025
0.000024
0.000024
0.000024
0.000025
0.000024
0.000024
0.000025
0.000024
0.000024
0.000024
0.000024
0.000024
0.000026
0.000025
0.000025
0.000026
0.000025
0.000025
0.000026
0.000026
0.000025
0.000025
0.000031
0.000025
0.000025
0.000025
0.000025
0.000024
0.000025
0.000025
0.000025
0.000026
0.000029
0.000025
0.000026
0.000025
0.000025
0.000024
0.000024
0.000024
0.000024
0.000024
0.000024
0.000024
0.000025
0.000025
0.000025
0.000024
0.000024
0.000024
0.000024
0.000024
0.000024
0.000024
0.000024
0.000024
0.000024
0.000025
0.000025
0.000025
0.000024
0.000024
0.000024
0.000024
0.000024
0.000024
0.000025
0.000024
0.000024
0.000024
0.000024
0.000025
0.000024
0.000024
0.000026
0.000025
0.000025
0.000024
0.000024
0.000025
0.000025
0.000025
0.000024
0.000025
0.000024
0.000024
0.000025
0.000024
0.000024
0.000025
0.000025
0.000024
0.000024
0.000025
0.000025
0.000025
0.000025
0.000025
0.000025
0.000025
0.000025
0.000025
0.000025
0.000025
0.000026
0.000025
0.000025
0.000024
0.000024
0.000024
0.000024
0.000024
0.000025
0.000024
0.000024
0.000025
0.000025
0.000024
0.000024
0.000025
0.000024
0.000024
0.000024
0.000024
0.000024
0.000025
0.000024
0.000025
0.000025
0.000026
0.000029
0.000046
0.000189
0.001251
0.000155
0.000026
0.000025
0.000026
0.000025
0.000026
0.680769
0.999783
0.999956
0.999964
0.999707
0.999758
0.999230
0.009006
0.200573
0.198902
0.199318
0.000037
0.000050
0.000039
0.000262
0.865812
0.789897
0.999150
0.999678
0.997858
0.996465
0.999669
0.999689
0.664513
0.000041
0.000025
0.000024
0.000025
0.000024
0.000024
0.000024
0.000024
0.000024
0.000025
0.000025
0.000025
0.000025
0.000025
0.000024
0.000025
0.000024
0.000025
0.000025
0.000024
0.000024
0.000025
0.000025
0.000025
0.000025
0.000025
0.000025
0.000025
0.000025
0.000025
0.000025
0.000025
0.000027
0.000032
0.000029
0.000028
0.000028
0.000027
0.000026
0.000024
0.000025
0.000025
0.000024
0.000025
0.000024
0.000024
0.000026
0.000032
0.000069
0.000026
0.000025
0.000024
0.000025
0.000024
0.000025
0.000025
0.000025
0.000025
0.000024
0.000025
0.000024
0.000024
0.000024
0.000024
0.000024
0.000024
0.000025
0.000025
0.000024
0.000024
0.000024
0.000024
0.000024
0.000024
0.000024
0.000024
0.000024
0.000024
0.000024
0.000025
0.000026
0.000037
0.000028
0.000025
0.000025
0.000025
0.000025
0.000025
0.000025
0.000025
0.000024
0.000024
0.000024
0.000025
0.000025
0.000025
0.000025
0.000024
0.000025
0.000024
0.000024
0.000024
0.000024
0.000024
0.000024
0.000024
0.000024
0.000024
0.000024
0.000024
0.000025
0.000024
0.000024
0.000024
0.000025
0.000024
0.000024
0.000024
0.000024
0.000024
0.000024
0.000024
0.000024
0.000024
0.000024
0.000024
0.000024
0.000024
0.000025
0.000024
0.000031
0.000027
0.000026
0.000025
0.000025
0.000024
0.000025
0.000024
0.000024
0.000024
0.000024
0.000024
0.000024
0.000033
0.000078
0.999634
0.999932
0.999964
0.999952
0.999715
0.441337
0.000099
0.000035
0.000056
0.000093
0.000113
0.000041
0.000046
0.543375
0.230829
0.999868
0.999938
0.999714
0.999818
0.999914
0.999654
0.001487
0.000084
0.000029
0.000027
0.000027
0.000026
0.000025
0.000024
0.000024
0.000024
0.000024
0.000024
0.000024
0.000025
0.000025
0.000024
0.000025
0.000025
0.000024
0.000025
0.000024
0.000024
0.000024
0.000024
0.000025
0.000024
0.000025
0.000025
0.000025
0.000025
0.000025
0.000024
0.000024
0.000024
0.000024
0.000024
0.000024
0.000024
0.000024
0.000024
0.000024
0.000024
0.000024
0.000024
0.000024
0.000024
0.000024
0.000024
0.000024
0.000024
0.000024
0.000025
0.000024
0.000024
0.000024
0.000024
0.000024
0.000025
0.000025
0.000025
0.000025
0.000025
0.000025
0.000024
0.000024
0.000024
0.000024
0.000024
0.000024
0.000024
0.000024
0.000024
0.000024
0.000024
0.000024
0.000024
0.000025
0.000035
0.000026
0.000025
0.000024
0.000024
0.000024
0.000024
0.000024
0.000024
0.000025
0.000024
0.000024
0.000025
0.000025
0.000024
0.000024
0.000024
0.000024
0.000024
0.000024
0.000024
0.000024
0.000024
0.000024
0.000024
0.000024
0.000024
0.000025
0.000024
0.000025
0.000024
0.000025
0.000026
0.000024
0.000025
0.000025
0.000024
0.000024
0.000024
0.000025
0.000025
0.000024
0.000024
0.000024
0.000024
0.000024
0.000024
0.000025
0.000025
0.000024
0.000024
0.000024
0.000024
0.000024
0.000024
0.000024
0.000024
0.000024
0.000024
0.000024
0.000024
0.000024
0.000024
0.000024
0.000024
0.000024
0.000024
0.000024
0.000024
0.000025
0.000025
0.000024
0.000024
0.000024
0.000024
0.000024
0.000024
0.000024
0.000024
0.000024
0.000024
0.000025
0.000024
0.000024
0.000026
0.625983
0.999453
0.999850
0.998687
0.999098
0.000450
0.000053
0.999408
0.999915
0.999939
0.999965
0.999965
0.999967
0.999905
0.999773
0.567677
0.402036
0.997903
0.992393
0.998216
0.446850
0.197153
0.000046
0.000025
0.000024
0.000024
0.000024
0.000025
0.000024
0.000024
0.000024
0.000024
0.000025
0.000026
0.000025
0.000025
0.000025
0.000025
0.000024
0.000024
0.000025
0.000024
0.000025
0.000025
0.000025
0.000024
0.000024
0.000024
0.000024
0.000024
0.000024
0.000024
0.000025
0.601985
0.000251
0.999940
0.999959
0.999936
0.799561
0.999159
0.999146
0.999285
0.999457
0.999522
0.998045
0.595342
0.666362
0.199554
0.000150
0.000025
0.000025
0.000024
0.000024
0.000024
0.000024
0.000024
0.000024
0.000024
0.000024
0.000024
0.000025
0.000025
0.000026
0.000030
0.000075
0.000028
0.000026
0.000025
0.000025
0.000025
0.000025
0.000026
0.000026
0.000070
0.401390
0.799703
0.771307
0.592101
0.599471
0.798529
0.204667
0.800018
0.999678
0.999390
0.999736
0.999744
0.396344
0.999077
0.441750
0.009000
0.000476
0.000068
0.000039
0.000033
0.000026
0.000025
0.000024
0.000025
0.000025
0.000025
0.000024
0.000024
0.000024
0.000026
0.000025
0.000030
0.000028
0.000028
0.000028
0.000031
0.000030
0.000025
0.000025
0.000025
0.000026
0.000025
0.000025
0.000024
0.000024
0.000024
0.000024
0.000025
0.000024
0.000024
0.000024
0.000025
0.000025
0.000024
0.000024
0.000024
0.000024
0.000024
0.000024
0.000024
0.000024
0.000024
0.000026
0.000027
0.000025
0.000024
0.000024
0.000024
0.000024
0.000024
0.000024
0.000025
0.000025
0.000026
0.000025
0.000025
0.000025
0.000024
0.000024
0.000024
0.000024
0.000024
0.000024
0.000025
0.000024
0.000025
0.000024
0.000024
0.000024
0.000024
0.000024
0.000024
0.000024
0.000024
0.000025
0.000040
0.000308
0.207858
0.999772
0.999921
0.999627
0.999196
0.999825
0.999584
0.997304
0.845828
0.807819
0.997662
0.999603
0.999777
0.999410
0.798039
0.599369
0.613768
0.943031
0.999880
0.999886
0.999949
0.999878
0.997684
0.953336
0.799222
0.799779
0.952102
0.769189
0.000089
0.000025
0.000024
0.000024
0.000024
0.000024
0.000024
0.000024
0.000024
0.000024
0.000024
0.000024
0.000024
0.000025
0.000025
0.000027
0.000028
0.000026
0.000025
0.000026
0.000025
0.000024
0.000024
0.000024
0.000025
0.000025
0.000025
0.000025
0.000025
0.000025
0.000024
0.000024
0.000025
0.000024
0.000024
0.000024
0.000024
0.000024
0.000024
0.000025
0.000024
0.000024
0.000024
0.000024
0.000024
0.000024
0.000026
0.000025
0.000025
0.000026
0.000024
0.000024
0.000024
0.000024
0.000024
0.000025
0.000024
0.000024
0.000024
0.000024
0.000024
0.000024
0.000024
0.000025
0.000025
0.000025
0.000025
0.000025
0.000024
0.000024
0.000025
0.000025
0.000024
0.000024
0.000024
0.000024
0.000024
0.000024
0.000024
0.000025
0.000025
0.000025
0.000024
0.000024
0.000024
0.000024
0.000024
0.000024
0.000024
0.000024
0.000024
0.000025
0.000025
0.000025
0.000025
0.000024
0.000024
0.000025
0.000025
0.000025
0.000025
0.000025
0.000025
0.000025
0.000025
0.000025
0.000025
0.000025
0.000024
0.000024
0.000024
0.000024
0.000025
0.000025
0.000025
0.000026
0.000026
0.000026
0.000025
0.000026
0.000025
0.000025
0.000025
0.000024
0.000024
0.000024
0.000024
0.000024
0.000024
0.000024
0.000024
0.000025
0.000025
0.000025
0.000025
0.000025
0.000025
0.000025
0.000025
0.000025
0.000025
0.000025
0.000025
0.000025
0.000024
0.000024
0.000024
0.000024
0.000024
0.000024
0.000024
0.000025
0.000026
0.000025
0.000025
0.000024
0.000024
0.000024
0.000024
0.000024
0.000025
0.000025
0.000024
0.000024
0.000024
0.000025
0.000025
0.000025
0.000025
0.000025
0.000024
0.000025
0.000026
0.000025
0.000026
0.000027
0.000028
0.000026
0.000026
0.000028
0.000038
0.000025
0.000025
0.000024
0.000024
0.000024
0.000025
0.000024
0.000025
0.000024
0.000024
0.000024
0.000024
0.000024
0.000025
0.000024
0.000025
0.000025
0.000026
0.000025
0.000026
0.000025
0.000025
0.000025
0.000024
0.000024
0.000025
0.000025
0.000025
0.000025
0.000025
0.000025
0.000028
0.000025
0.000025
0.000025
0.000024
0.000024
0.000024
0.000024
0.000024
0.000025
0.000026
0.000025
0.000027
0.000045
0.000062
0.339089
0.589438
0.806517
0.012399
0.000558
0.001429
0.584127
0.204926
0.034610
0.325912
0.200385
0.001341
0.400007
0.999904
0.999936
0.999950
0.999909
0.388231
0.000027
0.000024
0.000024
0.000024
0.000026
0.000026
0.000028
0.000026
0.000025
0.000025
0.000025
0.000024
0.000025
0.000025
0.000024
0.000024
0.000024
0.000024
0.000024
0.000024
0.000024
0.000025
0.000026
0.000026
0.000026
0.000025
0.000025
0.000025
0.000025
0.000025
0.000026
0.000027
0.000030
0.000028
0.000028
0.000026
0.000025
0.000025
0.000025
0.000025
0.000025
0.000025
0.000025
0.000025
0.000038
0.356325
0.999492
0.999940
0.999829
0.999790
0.605833
0.399861
0.999721
0.999643
0.999761
0.999838
0.999660
0.766224
0.798100
0.999688
0.999642
0.999876
0.999784
0.211711
0.000047
0.000027
0.000027
0.000025
0.000025
0.000025
0.000025
0.000025
0.000025
0.000025
0.000025
0.000025
0.000024
0.000024
0.000024
0.000025
0.000026
0.000028
0.000027
0.000026
0.000025
0.000025
0.000025
0.000024
0.000025
0.000025
0.000025
0.000025
0.000025
0.000025
0.000025
0.000025
0.000024
0.000025
0.000025
0.000025
0.000025
0.000025
0.000024
0.000025
0.000025
0.000025
0.000025
0.000025
0.000025
0.000025
0.000025
0.000027
0.000026
0.000025
0.000025
0.000025
0.000025
0.000025
0.000025
0.000024
0.000024
0.000025
0.000025
0.000025
0.000024
0.000025
0.000025
0.000024
0.000025
0.000024
0.000024
0.000024
0.000025
0.000024
0.000024
0.000025
0.000024
0.000024
0.000024
0.000028
0.000061
0.526340
0.999874
0.999907
0.999927
0.999947
0.999955
0.999908
0.999861
0.436084
0.999167
0.000278
0.601002
0.983799
0.999235
0.999249
0.999781
0.999610
0.999512
0.999325
0.998804
0.002736
0.000028
0.000024
0.000024
0.000024
0.000024
0.000024
0.000024
0.000024
0.000025
0.000024
0.000025
0.000025
0.000025
0.000025
0.000025
0.000024
0.000025
0.000024
0.000024
0.000025
0.000024
0.000024
0.000031
0.623354
0.308170
0.999764
0.999714
0.999874
0.981637
0.422440
0.401960
0.599850
0.584292
0.343620
0.002494
0.000096
0.000042
0.000035
0.000025
0.000024
0.000025
0.000027
0.000027
0.000028
0.000024
0.000024
0.000024
0.000024
0.000024
0.000025
0.000025
0.000025
0.000025
0.000027
0.000025
0.000025
0.000026
0.000025
0.000025
0.000025
0.000025
0.000025
0.000025
0.000025
0.000025
0.000025
0.000026
0.000030
0.000031
0.000028
0.000035
0.000025
0.000024
0.000024
0.000024
0.000025
0.000025
0.000024
0.000024
0.000030
0.000067
0.998347
0.999888
0.999935
0.999942
0.999964
0.999963
0.999920
0.999820
0.999791
0.798652
0.598943
0.599763
0.254348
0.391550
0.000289
0.000053
0.000032
0.000024
0.000025
0.000032
0.000060
0.000063
0.000161
0.000087
0.000032
0.000028
0.000026
0.000026
0.000025
0.000024
0.000024
0.000024
0.000025
0.000027
0.000028
0.000027
0.000027
0.000028
0.000034
0.000064
0.000037
0.000032
0.000026
0.000025
0.000026
0.000024
0.000025
0.000046
0.987707
0.999786
0.999896
0.999858
0.997910
0.200190
0.198775
0.202172
0.000560
0.000895
0.575037
0.777185
0.999458
0.999931
0.999955
0.999960
0.999965
0.999954
0.999685
0.911222
0.000148
0.000026
0.000024
0.000024
0.000024
0.000025
0.000025
0.000026
0.000024
0.000024
0.000024
0.000024
0.000024
0.000024
0.000025
0.000025
0.000024
0.000024
0.000025
0.000024
0.000024
0.000024
0.000024
0.000024
0.000025
0.000025
0.000025
0.000024
0.000024
0.000024
0.000024
0.000024
0.000025
0.000025
0.000029
0.000026
0.000025
0.000025
0.000025
0.000024
0.000024
0.000025
0.000025
0.000024
0.000024
0.000024
0.000024
0.000025
0.000026
0.000028
0.190901
0.819697
0.999772
0.997505
0.993965
0.799573
0.634055
0.403261
0.999869
0.999950
0.999957
0.999948
0.999479
0.998444
0.001273
0.133349
0.000086
0.000027
0.000025
0.000025
0.000024
0.000024
0.000026
0.000031
0.000029
0.000027
0.000026
0.000025
0.000025
0.000026
0.000025
0.000025
0.000025
0.000025
0.000025
0.000025
0.000025
0.000026
0.000028
0.000053
0.583558
0.793960
0.980684
0.799688
0.186966
0.000102
0.000176
0.000657
0.811998
0.845157
0.999507
0.596835
0.003195
0.000039
0.000028
0.000025
0.000025
0.000025
0.000025
0.000024
0.000025
0.000025
0.000024
0.000025
0.000026
0.000028
0.000026
0.000026
0.000027
0.000026
0.000025
0.000025
0.000025
0.000025
0.000025
0.000026
0.000025
0.000025
0.000025
0.000025
0.000024
0.000024
0.000024
0.000024
0.000024
0.000024
0.000024
0.000024
0.000024
0.000025
0.000026
0.000030
0.000034
0.000030
0.000026
0.000025
0.000024
0.000024
0.000024
0.000024
0.000024
0.000024
0.000025
0.000024
0.000027
0.000032
0.000034
0.000029
0.000026
0.000024
0.000024
0.000024
0.000024
0.000024
0.000025
0.000024
0.000025
0.000025
0.000024
0.000024
0.000024
0.000025
0.000025
0.000025
0.000024
0.000024
0.000028
0.000028
0.000031
0.000026
0.000026
0.000025
0.000024
0.000024
0.000025
0.000025
0.000024
0.000024
0.000024
0.000025
0.000025
0.000024
0.000025
0.000024
0.000024
0.000024
0.000024
0.000024
0.000025
0.000025
0.000027
0.000025
0.000027
0.000027
0.000026
0.000025
0.000025
0.000025
0.000025
0.000024
0.000024
0.000024
0.000025
0.000025
0.000026
0.000028
0.000025
0.000024
0.000024
0.000024
0.000024
0.000024
0.000024
0.000024
0.000024
0.000024
0.000024
0.000024
0.000024
0.000024
0.000025
0.000024
0.000024
0.000028
0.000026
0.000025
0.000024
0.000024
0.000024
0.000024
0.000024
0.000025
0.000025
0.000024
0.000024
0.000024
0.000024
0.000024
0.000028
0.620509
0.997914
0.993858
0.607559
0.000195
0.000027
0.000028
0.000027
0.000798
0.242976
0.799246
0.811841
0.997734
0.999593
0.999474
0.000501
0.000065
0.000029
0.000027
0.000041
0.000051
0.117831
0.618181
0.599238
0.790840
0.000104
0.000025
0.000025
0.000025
0.000024
0.000024
0.000024
0.000025
0.000025
0.000025
0.000025
0.000024
0.000024
0.000025
0.000026
0.000025
0.000026
0.000025
0.000024
0.000024
0.000024
0.000025
0.000025
0.000024
0.000025
0.000025
0.000025
0.000025
0.000024
0.000024
0.000024
0.000025
0.000024
0.000024
0.000025
0.000024
0.000033
0.998865
0.999768
0.999802
0.999438
0.755293
0.800192
0.999936
0.999922
0.999910
0.999783
0.999864
0.999759
0.999855
0.999517
0.999733
0.757540
0.607745
0.043736
0.000029
0.000024
0.000024
0.000026
0.000027
0.000025
0.000025
0.000024
0.000025
0.000024
0.000024
0.000024
0.000024
0.000024
0.000024
0.000024
0.000025
0.000026
0.000027
0.000026
0.000025
0.000024
0.000024
0.000024
0.000024
0.000025
0.000024
0.000025
0.000025
0.000026
0.000029
0.572182
0.875238
0.799630
0.997697
0.800021
0.999582
0.988774
0.999928
0.604142
0.510664
0.000089
0.188031
0.195943
0.932002
0.999822
0.999914
0.999935
0.999941
0.800764
0.000200
0.000067
0.000028
0.000025
0.000026
0.000026
0.000026
0.000025
0.000024
0.000025
0.000024
0.000024
0.000024
0.000024
0.000024
0.000024
0.000025
0.000024
0.000025
0.000025
0.000025
0.000025
0.000025
0.000024
0.000025
0.000025
0.000024
0.000024
0.000024
0.000024
0.000026
0.000026
0.000024
0.000024
0.000024
0.000025
0.000025
0.000025
0.000024
0.000024
0.000024
0.000025
0.000025
0.000025
0.000025
0.000024
0.000024
0.000024
0.000024
0.000024
0.000025
0.000024
0.000024
0.000024
0.000024
0.000024
0.000024
0.000024
0.000024
0.000025
0.000025
0.000025
0.000024
0.000024
0.000024
0.000024
0.000024
0.000024
0.000024
0.000024
0.000024
0.000024
0.000024
0.000024
0.000024
0.000024
0.000024
0.000024
0.000024
0.000024
0.000024
0.000024
0.000024
0.000024
0.000024
0.000025
0.000024
0.000024
0.000024
0.000024
0.000024
0.000025
0.000024
0.000024
0.000024
0.000024
0.000024
0.000024
0.000024
0.000024
0.000024
0.000025
0.000025
0.000024
0.000024
0.000025
0.000025
0.000025
0.000025
0.000025
0.000024
0.000024
0.000024
0.000024
0.000024
0.000025
0.000025
0.000027
0.000026
0.000025
0.000025
0.000025
0.000026
0.000027
0.000027
0.000026
0.000025
0.000024
0.000025
0.000025
0.000025
0.000024
0.000025
0.000025
0.000024
0.000024
0.000024
0.000024
0.000025
0.000025
0.000026
0.000029
0.000036
0.000035
0.000027
0.000025
0.000025
0.000024
0.000024
0.000024
0.000024
0.000024
0.000025
0.000025
0.000025
0.000027
0.000075
0.385828
0.972820
0.999953
0.999943
0.999886
0.406973
0.409693
0.200006
0.053921
0.053491
0.168583
0.037017
0.601906
0.999849
0.999819
0.999954
0.999956
0.999955
0.999911
0.999938
0.999611
0.807257
0.999724
0.999537
0.685053
0.000090
0.000027
0.000025
0.000024
0.000024
0.000024
0.000025
0.000026
0.000516
0.999031
0.999434
0.999796
0.999681
0.901684
0.198737
0.000759
0.000049
0.000025
0.000024
0.000024
0.000024
0.000024
0.000024
0.000025
0.000025
0.000025
0.000025
0.000025
0.000024
0.000024
0.000024
0.000024
0.000024
0.000024
0.000025
0.000024
0.000025
0.000024
0.000024
0.000024
0.000028
0.000087
0.998673
0.998951
0.800496
0.856632
0.432906
0.136495
0.209359
0.253667
0.000260
0.462685
0.368909
0.996262
0.799193
0.226372
0.000119
0.000041
0.000026
0.000025
0.000025
0.000025
0.000024
0.000025
0.000025
0.000027
0.000026
0.000025
0.000024
0.000024
0.000024
0.000024
0.000024
0.000025
0.000025
0.000025
0.000025
0.000025
0.000025
0.000025
0.000026
0.000028
0.000030
0.000026
0.000027
0.000028
0.000025
0.000024
0.000024
0.000025
0.000030
0.999348
0.999955
0.999969
0.999969
0.999968
0.999956
0.999904
0.999888
0.999647
0.999733
0.999705
0.999905
0.999933
0.999919
0.999686
0.999943
0.999867
0.601200
0.001761
0.000045
0.000027
0.000024
0.000025
0.000024
0.000025
0.000025
0.000024
0.000025
0.000025
0.000025
0.000025
0.000025
0.000024
0.000024
0.000025
0.000025
0.000025
0.000026
0.000025
0.000025
0.000026
0.000027
0.000026
0.000025
0.000025
0.000025
0.000025
0.000024
0.000024
0.000024
0.000024
0.000024
0.000024
0.000025
0.000027
0.000026
0.000026
0.000025
0.000025
0.000024
0.000024
0.000024
0.000025
0.000025
0.000025
0.000026
0.000024
0.000025
0.000024
0.000025
0.000025
0.000028
0.000063
0.799882
0.999720
0.999921
0.999854
0.999243
0.999493
0.999906
0.999626
0.999912
0.999927
0.999967
0.999808
0.597748
0.000040
0.000024
0.000024
0.000024
0.000024
0.000024
0.000025
0.000026
0.000036
0.000026
0.000025
0.000024
0.000024
0.000024
0.000024
0.000024
0.000024
0.000024
0.000024
0.000025
0.000026
0.000025
0.000024
0.000024
0.000024
0.000024
0.000024
0.000024
0.000024
0.000025
0.000024
0.000024
0.000025
0.000025
0.000025
0.000025
0.000025
0.000024
0.000024
0.000024
0.000024
0.000024
0.000024
0.000025
0.000025
0.000025
0.000024
0.000024
0.000024
0.000024
0.000024
0.000024
0.000024
0.000024
0.000025
0.000025
0.000024
0.000024
0.000024
0.000024
0.000025
0.000025
0.000025
0.000025
0.000024
0.000025
0.000025
0.000025
0.000025
0.000025
0.000025
0.000024
0.000024
0.000024
0.000024
0.000024
0.000024
0.000025
0.000025
0.000025
0.000026
0.000025
0.000026
0.000025
0.000025
0.000025
0.000025
0.000025
0.000024
0.000024
0.000024
0.000024
0.000024
0.000025
0.000024
0.000025
0.000024
0.000024
0.000025
0.000025
0.000025
0.000025
0.000024
0.000026
0.000026
0.000065
0.112530
0.998162
0.998933
0.998975
0.998726
0.999459
0.998856
0.999459
0.999577
0.999796
0.999865
0.999596
0.858493
0.996325
0.105921
0.000060
0.000038
0.000029
0.000025
0.000024
0.000024
0.000024
0.000024
0.000024
0.000024
0.000024
0.000025
0.000025
0.000024
0.000024
0.000024
0.000024
0.000024
0.000025
0.000025
0.000025
0.000025
0.000027
0.000048
0.089170
0.995545
0.999372
0.999853
0.999637
0.999712
0.999033
0.999543
0.999813
0.999732
0.999301
0.420427
0.215686
0.399400
0.198628
0.220351
0.000228
0.000026
0.000025
0.000025
0.000024
0.000024
0.000024
0.000024
0.000024
0.000025
0.000024
0.000024
0.000027
0.000028
0.000025
0.000024
0.000025
0.000025
0.000025
0.000025
0.000025
0.000024
0.000025
0.000025
0.000024
0.000024
0.000024
0.000024
0.000024
0.000024
0.000024
0.000024
0.000024
0.000024
0.000024
0.000024
0.000025
0.000025
0.000025
0.000024
0.000024
0.000024
0.000025
0.000025
0.000025
0.000024
0.000026
0.000034
0.797562
0.999479
0.999255
0.999878
0.995468
0.999931
0.999947
0.999867
0.999618
0.999763
0.999918
0.999931
0.999866
0.798265
0.000087
0.000026
0.000025
0.000025
0.000024
0.000026
0.000027
0.000025
0.000024
0.000025
0.000024
0.000024
0.000024
0.000024
0.000024
0.000024
0.000025
0.000025
0.000025
0.000025
0.000024
0.000024
0.000024
0.000024
0.000024
0.000028
0.000406
0.199759
0.997551
0.999850
0.999925
0.999945
0.999914
0.999810
0.999878
0.999901
0.999918
0.999905
0.999879
0.999790
0.998117
0.802357
0.237111
0.000337
0.001492
0.999622
0.997989
0.609429
0.598322
0.000025
0.000025
0.000025
0.000024
0.000024
0.000026
0.000025
0.000025
0.000026
0.000025
0.000025
0.000025
0.000027
0.000029
0.000028
0.000026
0.000027
0.000025
0.000027
0.000026
0.000025
0.000025
0.000024
0.000024
0.000024
0.000024
0.000024
0.000024
0.000024
0.000024
0.000024
0.000024
0.000025
0.000024
0.000024
0.000025
0.000025
0.000024
0.000024
0.000024
0.000024
0.000024
0.000024
0.000024
0.000025
0.000025
0.000024
0.000024
0.000024
0.000024
0.000025
0.000025
0.000025
0.000025
0.000025
0.000024
0.000024
0.000025
0.297876
0.999782
0.999941
0.999900
0.999904
0.999515
0.999811
0.999776
0.999566
0.990281
0.201657
0.198062
0.197480
0.199637
0.000216
0.222559
0.399457
0.999760
0.999827
0.999893
0.327281
0.000046
0.000025
0.000024
0.000024
0.000024
0.000024
0.000026
0.000025
0.000025
0.000025
0.000025
0.000025
0.000025
0.000025
0.000025
0.000025
0.000024
0.000025
0.000024
0.000024
0.000024
0.000024
0.000024
0.000024
0.000024
0.000024
0.000024
0.000024
0.000024
0.000024
0.000024
0.000024
0.000024
0.000024
0.000025
0.000025
0.000024
0.000024
0.000025
0.000025
0.000025
0.000026
0.000025
0.000025
0.000026
0.000026
0.000025
0.000025
0.000025
0.000025
0.000025
0.000025
0.000025
0.000025
0.000025
0.000024
0.000024
0.000024
0.000024
0.000024
0.000025
0.000025
0.000025
0.000025
0.000025
0.000024
0.000024
0.000024
0.000024
0.000024
0.000024
0.000025
0.000025
0.000025
0.000024
0.000025
0.000024
0.000024
0.000024
0.000025
0.000025
0.000025
0.000025
0.000025
0.000025
0.000027
0.000025
0.000025
0.000024
0.000025
0.000024
0.000024
0.000024
0.000024
0.000024
0.000024
0.000024
0.000024
0.000025
0.000026
0.000028
0.000028
0.000025
0.000024
0.000025
0.000024
0.000025
0.000025
0.000024
0.000024
0.000025
0.000025
0.000025
0.000025
0.000025
0.000025
0.000025
0.000026
0.000027
0.000030
0.000027
0.000026
0.000026
0.000026
0.000025
0.000025
0.000027
0.000026
0.000025
0.000025
0.000025
0.000025
0.000025
0.000025
0.000024
0.000025
0.000031
0.361489
0.002381
0.399259
0.593516
0.800974
0.951822
0.893121
0.633793
0.990701
0.999564
0.990733
0.999525
0.643723
0.905713
0.229615
0.798734
0.747481
0.193495
0.000028
0.000025
0.000025
0.000025
0.000025
0.000025
0.000025
0.000025
0.000024
0.000024
0.000024
0.000025
0.000025
0.000026
0.000027
0.000027
0.000026
0.000025
0.000025
0.000025
0.000025
0.000025
0.000024
0.000025
0.000028
0.000034
0.000037
0.000053
0.000028
0.000027
0.000026
0.000025
0.000025
0.000026
0.000029
0.000025
0.000024
0.000025
0.000025
0.000025
0.000025
0.000026
0.000025
0.000024
0.000025
0.000029
0.000037
0.000036
0.000032
0.000025
0.000025
0.000025
0.000024
0.000024
0.000025
0.000025
0.000025
0.000025
0.000025
0.000026
0.000030
0.000029
0.000030
0.000026
0.000025
0.000024
0.000025
0.000024
0.000025
0.000027
0.000029
0.000029
0.000026
0.000026
0.000030
0.000044
0.000031
0.000049
0.000032
0.000028
0.000036
0.000035
0.000030
0.000033
0.000026
0.000025
0.000025
0.000025
0.000025
0.000025
0.000025
0.000025
0.000024
0.000025
0.000025
0.000025
0.000025
0.000025
0.000025
0.000025
0.000025
0.000025
0.000025
0.000027
0.000032
0.000038
0.000026
0.000025
0.000024
0.000024
0.000024
0.000024
0.000024
0.000024
0.000025
0.000024
0.000025
0.000025
0.000025
0.000026
0.000025
0.000024
0.000025
0.000024
0.000025
0.000025
0.000028
0.000025
0.000025
0.000025
0.000025
0.000024
0.000027
0.000025
0.000025
0.000026
0.000027
0.000028
0.000026
0.000025
0.000025
0.000024
0.000024
0.000024
0.000024
0.000024
0.000024
0.000025
0.000025
0.000025
0.000026
0.000024
0.000024
0.000024
0.000024
0.000024
0.000024
0.000024
0.000024
0.000024
0.000024
0.000024
0.000025
0.000025
0.000025
0.000025
0.000025
0.000024
0.000024
0.000024
0.000024
0.000024
0.000024
0.000025
0.000025
0.000025
0.000024
0.000025
0.000025
0.000025
0.000026
0.000028
0.000024
0.000025
0.000025
0.000025
0.000025
0.000025
0.000024
0.000025
0.000025
0.000025
0.000024
0.000024
0.000025
0.000025
0.000025
0.000025
0.000028
0.000028
0.000035
0.000035
0.000033
0.000025
0.000024
0.000024
0.000025
0.000025
0.000025
0.000024
0.000025
0.000024
0.000024
0.000025
0.000025
0.000025
0.000025
0.000024
0.000024
0.000027
0.000026
0.000028
0.000026
0.000028
0.000025
0.000025
0.000024
0.000024
0.000024
0.000025
0.000025
0.000026
0.000025
0.000024
0.000025
0.000025
0.000024
0.000025
0.000024
0.000024
0.000024
0.000025
0.000026
0.000026
0.000045
0.000034
0.000027
0.000026
0.000024
0.000024
0.000024
0.000024
0.000024
0.000024
0.000024
0.000024
0.000024
0.000024
0.000024
0.000024
0.000024
0.000024
0.000025
0.000025
0.000025
0.000024
0.000025
0.000025
0.000025
0.000025
0.000025
0.000024
0.000025
0.000024
0.000024
0.000024
0.000024
0.000024
0.000024
0.000024
0.000024
0.000024
0.000025
0.000025
0.000024
0.000024
0.000024
0.000024
0.000024
0.000024
0.000024
0.000025
0.000043
0.079252
0.188759
0.801892
0.998592
0.999651
0.999856
0.999911
0.999940
0.999804
0.999716
0.999882
0.999879
0.999951
0.999947
0.999935
0.999718
0.959195
0.599612
0.200043
0.999642
0.999828
0.999824
0.877677
0.999612
0.200500
0.490851
0.000201
0.049588
0.000030
0.000027
0.000026
0.000026
0.000025
0.000024
0.000024
0.000024
0.000024
0.000024
0.000025
0.000025
0.000025
0.000024
0.000025
0.000025
0.000024
0.000024
0.000024
0.000024
0.000024
0.000025
0.000025
0.000025
0.000028
0.000028
0.000029
0.000030
0.000025
0.000025
0.000025
0.000025
0.000024
0.000027
0.000039
0.000037
0.000047
0.000029
0.000025
0.000029
0.000026
0.000027
0.000027
0.000026
0.000026
0.000036
0.000045
0.000030
0.000084
0.000190
0.787489
0.999780
0.999905
0.993880
0.201803
0.000183
0.000045
0.000038
0.000087
0.000088
0.001116
0.000317
0.000260
0.190264
0.200494
0.201114
0.779225
0.389521
0.000048
0.000027
0.000025
0.000024
0.000026
0.000026
0.000027
0.000025
0.000025
0.000027
0.000024
0.000024
0.000024
0.000024
0.000024
0.000024
0.000024
0.000024
0.000024
0.000024
0.000024
0.000024
0.000025
0.000025
0.000024
0.000024
0.000024
0.000025
0.000025
0.000024
0.000024
0.000024
0.000024
0.000024
0.000024
0.000025
0.000025
0.000025
0.000027
0.000028
0.000037
0.000028
0.000025
0.000024
0.000024
0.000024
0.000024
0.000025
0.000025
0.000025
0.000024
0.000024
0.000024
0.000024
0.000024
0.000025
0.000026
0.000026
0.000032
0.000027
0.000027
0.000026
0.000025
0.000027
0.000026
0.000024
0.000024
0.000024
0.000028
0.000026
0.000027
0.000025
0.000025
0.000024
0.000025
0.000025
0.000025
0.000025
0.000025
0.000024
0.000024
0.000025
0.000026
0.000026
0.000025
0.000026
0.000031
0.000037
0.000031
0.000040
0.000036
0.000025
0.000025
0.000025
0.000025
0.000025
0.000027
0.000027
0.000030
0.000028
0.000029
0.000027
0.000026
0.000025
0.000025
0.000025
0.000025
0.000025
0.000025
0.000024
0.000024
0.000024
0.000024
0.000024
0.000024
0.000024
0.000024
0.000024
0.000024
0.000025
0.000031
0.000275
0.998793
0.999010
0.999879
0.987347
0.999652
0.999927
0.999894
0.999778
0.194650
0.199095
0.000947
0.375476
0.998586
0.999904
0.946238
0.999177
0.000251
0.000066
0.000900
0.142067
0.000033
0.000025
0.000024
0.000024
0.000024
0.000024
0.000025
0.000026
0.000025
0.000029
0.000029
0.000030
0.000026
0.000032
0.000029
0.000026
0.000026
0.000028
0.000027
0.000026
0.000025
0.000025
0.000024
0.000024
0.000024
0.000024
0.000024
0.000024
0.000028
0.000086
0.000039
0.000028
0.000024
0.000024
0.000024
0.000025
0.000024
0.000024
0.000024
0.000024
0.000024
0.000024
0.000024
0.000024
0.000024
0.000024
0.000024
0.000025
0.000025
0.000025
0.000025
0.000024
0.000025
0.000025
0.000026
0.000024
0.000025
0.000024
0.000025
0.000024
0.000024
0.000024
0.000024
0.000024
0.000024
0.000024
0.000024
0.000024
0.000024
0.000024
0.000025
0.000031
0.000028
0.000026
0.000025
0.000025
0.000026
0.000025
0.000026
0.000042
0.998866
0.999931
0.999944
0.999946
0.999940
0.999949
0.999005
0.999761
0.999872
0.999929
0.999948
0.999961
0.999964
0.999938
0.999922
0.999855
0.747813
0.999408
0.999845
0.999751
0.999832
0.999931
0.999949
0.999881
0.867124
0.955242
0.384143
0.395011
0.000174
0.000043
0.000026
0.000026
0.000025
0.000025
0.000024
0.000025
0.000024
0.000024
0.000025
0.000025
0.000026
0.000025
0.000025
0.000025
0.000025
0.000025
0.000025
0.000025
0.000024
0.000025
0.000025
0.000025
0.000025
0.000024
0.000025
0.000024
0.000024
0.000024
0.000024
0.000024
0.000025
0.000025
0.000025
0.000024
0.000024
0.000024
0.000024
0.000025
0.000024
0.000024
0.000024
0.000024
0.000024
0.000025
0.000025
0.000024
0.000025
0.000027
0.000025
0.000024
0.000024
0.000024
0.000024
0.000024
0.000024
0.000028
0.000030
0.000024
0.000024
0.000024
0.000024
0.000024
0.000024
0.000024
0.000024
0.000024
0.000024
0.000025
0.000025
0.000024
0.000024
0.000025
0.000035
0.207557
0.406210
0.999486
0.999537
0.999309
0.992358
0.000138
0.000024
0.000025
0.000100
0.000030
0.184415
0.398155
0.517952
0.382098
0.399771
0.000187
0.167513
0.000737
0.000035
0.000024
0.000024
0.000024
0.000024
0.000024
0.000024
0.000024
0.000024
0.000024
0.000024
0.000024
0.000025
0.000025
0.000025
0.000025
0.000026
0.000025
0.000027
0.000025
0.000024
0.000024
0.000024
0.000024
0.000024
0.000024
0.000024
0.000024
0.000024
0.000026
0.000029
0.000036
0.000036
0.000090
0.000325
0.000202
0.000215
0.573921
0.999747
0.793022
0.998797
0.397553
0.407964
0.608540
0.999680
0.998494
0.989579
0.004443
0.000026
0.000024
0.000025
0.000025
0.000025
0.000027
0.000025
0.000025
0.000025
0.000025
0.000025
0.000025
0.000025
0.000025
0.000026
0.000026
0.000026
0.000027
0.000026
0.000026
0.000025
0.000024
0.000025
0.000025
0.000024
0.000024
0.000025
0.000026
0.000025
0.000025
0.000026
0.000025
0.000025
0.000025
0.000024
0.000024
0.000025
0.000026
0.000025
0.000025
0.000024
0.000024
0.000025
0.000025
0.000026
0.000027
0.000028
0.000026
0.000025
0.000025
0.000025
0.000025
0.000024
0.000024
0.000024
0.000024
0.000025
0.000039
0.995173
0.999786
0.999931
0.999913
0.999962
0.999957
0.999935
0.999886
0.975492
0.004829
0.001439
0.017020
0.205801
0.998703
0.999377
0.999771
0.999884
0.999522
0.998513
0.980326
0.999730
0.998838
0.000107
0.000069
0.000025
0.000024
0.000024
0.000024
0.000024
0.000025
0.000025
0.000025
0.000024
0.000024
0.000024
0.000024
0.000025
0.000024
0.000025
0.000025
0.000025
0.000024
0.000025
0.000025
0.000024
0.000024
0.000024
0.000028
0.000026
0.000026
0.000025
0.000025
0.000025
0.000026
0.000029
0.000027
0.000026
0.000026
0.000025
0.000025
0.000026
0.000026
0.000025
0.000025
0.000027
0.000025
0.000024
0.000024
0.000025
0.000024
0.000024
0.000024
0.000024
0.000024
0.000024
0.000025
0.000025
0.000026
0.000025
0.000025
0.000024
0.000024
0.000024
0.000025
0.000025
0.000025
0.000027
0.000025
0.000024
0.000024
0.000024
0.000024
0.000024
0.000024
0.000024
0.000024
0.000024
0.000024
0.000024
0.000024
0.000024
0.000024
0.000025
0.000024
0.000024
0.000024
0.000024
0.000024
0.000025
0.000025
0.000025
0.000025
0.000025
0.000025
0.000025
0.000025
0.000025
0.000025
0.000025
0.000024
0.000024
0.000024
0.000024
0.000025
0.000025
0.000025
0.000026
0.000026
0.000025
0.000025
0.000024
0.000025
0.000024
0.000024
0.000025
0.000025
0.000024
0.000024
0.000024
0.000024
0.000024
0.000025
0.000029
0.081304
0.414281
0.999849
0.999961
0.999966
0.999968
0.999965
0.999947
0.884506
0.399437
0.595855
0.999726
0.999931
0.999867
0.999913
0.801343
0.769629
0.055136
0.822651
0.971900
0.999949
0.999932
0.999382
0.203336
0.000040
0.000024
0.000024
0.000024
0.000024
0.000024
0.000024
0.000024
0.000025
0.000025
0.000024
0.000024
0.000024
0.000024
0.000024
0.000025
0.000025
0.000025
0.000025
0.000024
0.000025
0.000024
0.000024
0.000024
0.000025
0.000024
0.000024
0.000024
0.000025
0.000025
0.000026
0.000025
0.000024
0.000024
0.000026
0.000025
0.000024
0.000024
0.000025
0.000025
0.000027
0.000026
0.000025
0.000024
0.000024
0.000025
0.000024
0.000024
0.000024
0.000024
0.000025
0.000025
0.000024
0.000024
0.000024
0.000024
0.000024
0.000024
0.000024
0.000024
0.000025
0.000024
0.000024
0.000024
0.000024
0.000024
0.000024
0.000024
0.000025
0.000025
0.000025
0.000025
0.000026
0.000026
0.000026
0.000025
0.000025
0.000026
0.000025
0.000024
0.000024
0.000024
0.000024
0.000024
0.000024
0.000025
0.000025
0.000025
0.000024
0.000024
0.000024
0.000025
0.000026
0.000025
0.000031
0.000032
0.000024
0.000024
0.000024
0.000024
0.000024
0.000025
0.000025
0.000025
0.000025
0.000033
0.005411
0.999687
0.999944
0.999922
0.999929
0.999936
0.999861
0.999835
0.999817
0.999854
0.999931
0.999878
0.999905
0.999915
0.999867
0.999817
0.999898
0.998983
0.000037
0.000025
0.000024
0.000024
0.000024
0.000025
0.000024
0.000025
0.000024
0.000024
0.000024
0.000024
0.000024
0.000024
0.000025
0.000024
0.000024
0.000024
0.000024
0.000024
0.000024
0.000024
0.000024
0.000024
0.000026
0.000025
0.000024
0.000024
0.000024
0.000024
0.000024
0.000025
0.000025
0.000025
0.000024
0.000024
0.000024
0.000024
0.000024
0.000025
0.000025
0.000024
0.000024
0.000024
0.000024
0.000024
0.000024
0.000024
0.000024
0.000037
0.371970
0.691508
0.800888
0.996907
0.998871
0.791459
0.995316
0.999607
0.999731
0.999777
0.999849
0.999812
0.999617
0.999482
0.999664
0.998336
0.996729
0.790281
0.999350
0.999919
0.999924
0.999963
0.999963
0.999954
0.999889
0.855261
0.000034
0.000027
0.000025
0.000024
0.000025
0.000025
0.000025
0.000025
0.000024
0.000025
0.000025
0.000025
0.000025
0.000024
0.000024
0.000024
0.000024
0.000025
0.000025
0.000025
0.000025
0.000025
0.000025
0.000024
0.000024
0.000024
0.000024
0.000024
0.000024
0.000024
0.000025
0.000024
0.000024
0.000024
0.000024
0.000024
0.000024
0.000024
0.000024
0.000025
0.000025
0.000024
0.000024
0.000025
0.000024
0.000024
0.000024
0.000074
0.999469
0.999917
0.999947
0.999947
0.999541
0.999404
0.999569
0.999784
0.999845
0.984774
0.800248
0.999461
0.798605
0.665079
0.199723
0.000025
0.000025
0.000025
0.000025
0.000024
0.000024
0.000024
0.000024
0.000024
0.000024
0.000025
0.000025
0.000024
0.000024
0.000024
0.000024
0.000024
0.000024
0.000025
0.000025
0.000024
0.000024
0.000024
0.000024
0.000024
0.000024
0.000024
0.000024
0.000026
0.000024
0.000024
0.000024
0.000024
0.000024
0.000024
0.000025
0.000025
0.000025
0.000024
0.000024
0.000024
0.000024
0.000025
0.000025
0.000024
0.000024
0.000024
0.000024
0.000024
0.000024
0.000025
0.000024
0.000025
0.000024
0.000024
0.000024
0.000024
0.000025
0.000025
0.000025
0.000025
0.000024
0.000024
0.000024
0.000024
0.000024
0.000024
0.000025
0.000025
0.000024
0.000024
0.000024
0.000024
0.000024
0.000024
0.000024
0.000024
0.000024
0.000024
0.000024
0.000024
0.000025
0.000025
0.000025
0.000024
0.000024
0.000024
0.000024
0.000024
0.000024
0.000024
0.000024
0.000024
0.000024
0.000025
0.000025
0.000028
0.000025
0.000024
0.000025
0.000024
0.000024
0.000024
0.000024
0.000025
0.000025
0.000024
0.000025
0.000024
0.000025
0.000024
0.000024
0.000024
0.000025
0.000024
0.000024
0.000025
0.000025
0.000024
0.000024
0.000024
0.000024
0.000024
0.000024
0.000024
0.000024
0.000024
0.000024
0.000026
0.000026
0.000025
0.000025
0.000024
0.000024
0.000024
0.000024
0.000024
0.000025
0.000026
0.000026
0.000025
0.000025
0.000025
0.000024
0.000024
0.000024
0.000024
0.000024
0.000024
0.000024
0.000024
0.000024
0.000024
0.000024
0.000024
0.000024
0.000025
0.000024
0.000024
0.000024
0.000025
0.000025
0.000025
0.000025
0.000057
0.308691
0.199534
0.199117
0.399896
0.115961
0.999935
0.999955
0.999908
0.835557
0.000487
0.000042
0.000038
0.000037
0.000080
0.000027
0.000025
0.000024
0.000025
0.000028
0.000025
0.000025
0.000025
0.000024
0.000024
0.000024
0.000025
0.000025
0.000025
0.000024
0.000024
0.000024
0.000024
0.000025
0.000025
0.000026
0.000025
0.000025
0.000025
0.000025
0.000025
0.000025
0.000028
0.000027
0.000025
0.000025
0.000024
0.000024
0.000024
0.000025
0.000025
0.000025
0.000024
0.000024
0.000024
0.000025
0.000026
0.000025
0.000026
0.000026
0.000025
0.000024
0.000024
0.000024
0.000024
0.000025
0.000025
0.000025
0.000024
0.000024
0.000024
0.000025
0.000025
0.000025
0.000025
0.000026
0.000026
0.000024
0.000024
0.000024
0.000025
0.000025
0.000025
0.000025
0.000025
0.000025
0.000025
0.000025
0.000025
0.000024
0.000024
0.000025
0.000026
0.000027
0.000026
0.000025
0.000025
0.000025
0.000024
0.000024
0.000024
0.000024
0.000024
0.000024
0.000025
0.000024
0.000024
0.000025
0.000025
0.000025
0.000025
0.000026
0.000026
0.000025
0.000025
0.000025
0.000025
0.000025
0.000025
0.000024
0.000024
0.000025
0.000024
0.000025
0.000024
0.000024
0.000024
0.000025
0.000024
0.000025
0.000025
0.154264
0.999586
0.999926
0.999960
0.999694
0.998738
0.999954
0.999917
0.999935
0.999437
0.998863
0.999418
0.999942
0.999943
0.999886
0.999936
0.999951
0.999870
0.809073
0.000119
0.000026
0.000026
0.000025
0.000026
0.000025
0.000025
0.000025
0.000025
0.000025
0.000024
0.000024
0.000025
0.000024
0.000024
0.000024
0.000024
0.000024
0.000024
0.000024
0.000024
0.000025
0.000025
0.000025
0.000027
0.000025
0.000025
0.000025
0.000025
0.000025
0.000025
0.000026
0.000029
0.000028
0.000026
0.000025
0.000024
0.000024
0.000025
0.000025
0.000025
0.000026
0.000025
0.000025
0.000025
0.000024
0.000024
0.000026
0.000025
0.000026
0.000024
0.000024
0.000024
0.000024
0.000025
0.000024
0.000025
0.000025
0.000025
0.000025
0.000025
0.000026
0.000030
0.000028
0.000026
0.000026
0.000025
0.000029
0.000026
0.000026
0.000026
0.000024
0.000024
0.000027
0.000026
0.000025
0.000025
0.000025
0.000024
0.000025
0.000025
0.000026
0.000036
0.000608
0.998783
0.997766
0.999204
0.999866
0.999909
0.999957
0.999955
0.999887
0.800571
0.998145
0.998905
0.901448
0.600556
0.000042
0.000030
0.000025
0.000026
0.000025
0.000024
0.000024
0.000025
0.000025
0.000025
0.000024
0.000025
0.000024
0.000024
0.000024
0.000024
0.000024
0.000024
0.000024
0.000024
0.000024
0.000024
0.000024
0.000024
0.000024
0.000024
0.000024
0.000025
0.000025
0.000024
0.000024
0.000025
0.000024
0.000025
0.000024
0.000024
0.000024
0.000024
0.000024
0.000024
0.000024
0.000024
0.000024
0.000024
0.000025
0.000024
0.000025
0.000025
0.000025
0.000025
0.000024
0.000024
0.000024
0.000024
0.000024
0.000024
0.000024
0.000024
0.000024
0.000024
0.000024
0.000025
0.000025
0.000025
0.000024
0.000024
0.000024
0.000024
0.000026
0.000025
0.000025
0.000025
0.000024
0.000024
0.000024
0.000024
0.000024
0.000024
0.000024
0.000024
0.000025
0.000025
0.000025
0.000024
0.000024
0.000024
0.000024
0.000025
0.000025
0.000024
0.000025
0.000024
0.000024
0.000024
0.000024
0.000024
0.000025
0.000024
0.000024
0.000024
0.000024
0.000024
0.000025
0.000025
0.000025
0.000025
0.000025
0.000025
0.000025
0.000025
0.000025
0.000024
0.000024
0.000026
0.800048
0.799559
0.792048
0.000046
0.000026
0.000026
0.000026
0.000025
0.000027
0.000053
0.000567
0.999104
0.999875
0.999903
0.999723
0.997608
0.598573
0.626933
0.000481
0.000996
0.000276
0.080433
0.000059
0.000025
0.000024
0.000025
0.000024
0.000025
0.000024
0.000024
0.000024
0.000024
0.000024
0.000024
0.000025
0.000025
0.000026
0.000026
0.000025
0.000025
0.000024
0.000024
0.000024
0.000024
0.000024
0.000024
0.000024
0.000024
0.000024
0.000024
0.000025
0.000024
0.000024
0.000025
0.000026
0.000026
0.000026
0.000025
0.000025
0.000024
0.000024
0.000024
0.000024
0.000024
0.000024
0.000024
0.000024
0.000024
0.000025
0.000025
0.000025
0.000025
0.000024
0.000024
0.000024
0.000024
0.000024
0.000024
0.000025
0.000024
0.000024
0.000024
0.000024
0.000025
0.000025
0.000024
0.000024
0.000024
0.000025
0.000026
0.000027
0.000026
0.000025
0.000025
0.000025
0.000024
0.000025
0.000024
0.000024
0.000024
0.000025
0.000025
0.000025
0.000025
0.000024
0.000025
0.000025
0.000025
0.000026
0.000025
0.000025
0.000025
0.000025
0.000024
0.000024
0.000024
0.000024
0.000025
0.000024
0.000024
0.000024
0.000024
0.000024
0.000024
0.000024
0.000024
0.000024
0.000024
0.000024
0.000024
0.000024
0.000025
0.000025
0.000025
0.000025
0.000025
0.000025
0.000025
0.000025
0.000024
0.000024
0.000024
0.000024
0.000024
0.000025
0.000024
0.000024
0.000024
0.000024
0.000024
0.000025
0.000024
0.000024
0.000024
0.000024
0.000024
0.000024
0.000024
0.000024
0.000024
0.000025
0.000025
0.000025
0.000024
0.000025
0.000025
0.000025
0.000024
0.000024
0.000024
0.000024
0.000024
0.000025
0.000025
0.000025
0.000025
0.000024
0.000024
0.000024
0.000024
0.000024
0.000024
0.000024
0.000024
0.000024
0.000024
0.000024
0.000024
0.000025
0.000025
0.000027
0.000025
0.000031
0.000046
0.000167
0.400787
0.202105
0.999530
0.999829
0.999854
0.999837
0.999856
0.999769
0.993818
0.397375
0.006776
0.000087
0.000048
0.000126
0.000896
0.200265
0.000292
0.000177
0.000025
0.000024
0.000025
0.000026
0.000025
0.000025
0.000024
0.000024
0.000024
0.000025
0.000025
0.000028
0.000028
0.000030
0.000025
0.000024
0.000024
0.000024
0.000024
0.000024
0.000025
0.000025
0.000025
0.000025
0.000026
0.000025
0.000025
0.000025
0.000025
0.000024
0.000024
0.000024
0.000026
0.000028
0.000026
0.000025
0.000025
0.000024
0.000025
0.000025
0.000025
0.000025
0.000025
0.000025
0.000025
0.000025
0.000025
0.000025
0.000025
0.000025
0.000026
0.000026
0.000025
0.000025
0.000025
0.000026
0.000026
0.000025
0.000025
0.000024
0.000025
0.000025
0.000025
0.000025
0.000028
0.000047
0.000049
0.728563
0.467671
0.999399
0.798474
0.000200
0.000027
0.000024
0.000024
0.000026
0.000035
0.000073
0.148619
0.002868
0.000167
0.000555
0.002077
0.000025
0.000027
0.000026
0.000025
0.000025
0.000025
0.000024
0.000024
0.000025
0.000025
0.000025
0.000025
0.000024
0.000024
0.000025
0.000025
0.000025
0.000025
0.000024
0.000025
0.000025
0.000025
0.000025
0.000024
0.000024
0.000024
0.000024
0.000024
0.000024
0.000024
0.000024
0.000024
0.000024
0.000024
0.000025
0.000024
0.000025
0.000027
0.000026
0.000025
0.000025
0.000024
0.000024
0.000024
0.000025
0.000026
0.000027
0.000028
0.000025
0.000024
0.000024
0.000025
0.000025
0.000026
0.000027
0.000026
0.000025
0.000025
0.000024
0.000024
0.000025
0.000025
0.000024
0.000025
0.000024
0.000025
0.000076
0.000031
0.000027
0.000025
0.000025
0.000024
0.000024
0.000024
0.000024
0.000024
0.000024
0.000024
0.000024
0.000025
0.000025
0.000024
0.000024
0.000024
0.000024
0.000024
0.000024
0.000024
0.000024
0.000024
0.000024
0.000025
0.000025
0.000025
0.000024
0.000025
0.000024
0.000024
0.000024
0.000024
0.000024
0.000024
0.000024
0.000024
0.000024
0.000025
0.000025
0.000025
0.000029
0.000025
0.000026
0.000030
0.000033
0.571776
0.999158
0.999788
0.999946
0.999954
0.999928
0.999896
0.999885
0.999119
0.982349
0.997941
0.999898
0.999634
0.999869
0.999644
0.791352
0.000222
0.000104
0.000074
0.000056
0.000028
0.000024
0.000024
0.000025
0.000025
0.000025
0.000025
0.000024
0.000024
0.000024
0.000024
0.000025
0.000025
0.000025
0.000024
0.000024
0.000024
0.000024
0.000024
0.000025
0.000025
0.000025
0.000024
0.000024
0.000024
0.000024
0.000025
0.000027
0.000027
0.000025
0.000025
0.000025
0.000024
0.000024
0.000024
0.000025
0.000025
0.000025
0.000025
0.000025
0.000040
0.468137
0.998597
0.999677
0.274223
0.999691
0.846762
0.998947
0.999937
0.999964
0.999968
0.999969
0.999966
0.999959
0.999909
0.999885
0.999838
0.999529
0.399950
0.000252
0.000113
0.596728
0.993910
0.798365
0.000048
0.000026
0.000024
0.000025
0.000024
0.000024
0.000024
0.000025
0.000026
0.000024
0.000024
0.000024
0.000024
0.000024
0.000024
0.000024
0.000024
0.000025
0.000026
0.000028
0.000027
0.000025
0.000025
0.000024
0.000024
0.000025
0.000024
0.000024
0.000024
0.000024
0.000024
0.000024
0.000024
0.000024
0.000024
0.000024
0.000024
0.000024
0.000024
0.000025
0.000028
0.000025
0.000025
0.000028
0.000025
0.000024
0.000028
0.000036
0.998603
0.999568
0.999866
0.999863
0.999809
0.999739
0.587824
0.729938
0.998486
0.999658
0.999887
0.999756
0.999560
0.999929
0.999756
0.743301
0.000033
0.000025
0.000025
0.000024
0.000024
0.000024
0.000024
0.000024
0.000025
0.000025
0.000024
0.000024
0.000024
0.000024
0.000024
0.000024
0.000024
0.000024
0.000024
0.000024
0.000025
0.000025
0.000025
0.000024
0.000024
0.000024
0.000024
0.000024
0.000024
0.000024
0.000025
0.000025
0.000029
0.000029
0.000027
0.000024
0.000024
0.000030
0.000157
0.797837
0.999237
0.991107
0.999144
0.999346
0.999817
0.999660
0.999422
0.999807
0.991845
0.601815
0.999897
0.999919
0.999479
0.942924
0.998807
0.798794
0.555195
0.192302
0.000102
0.000029
0.000026
0.000025
0.000025
0.000025
0.000024
0.000025
0.000024
0.000024
0.000024
0.000024
0.000024
0.000024
0.000024
0.000024
0.000024
0.000024
0.000024
0.000024
0.000024
0.000025
0.000025
0.000025
0.000025
0.000026
0.000024
0.000024
0.000024
0.000024
0.000024
0.000024
0.000024
0.000025
0.000024
0.000024
0.000024
0.000024
0.000024
0.000024
0.000024
0.000024
0.000024
0.000024
0.000024
0.000024
0.000024
0.000024
0.000025
0.000026
0.000026
0.000025
0.000024
0.000024
0.000024
0.000026
0.000028
0.000036
0.000032
0.000131
0.000053
0.000025
0.000047
0.000062
0.000087
0.999002
0.999402
0.998906
0.011060
0.550050
0.844355
0.999801
0.995055
0.969647
0.182140
0.000423
0.200017
0.992043
0.790030
0.673241
0.000097
0.000025
0.000024
0.000024
0.000024
0.000025
0.000025
0.000025
0.000025
0.000024
0.000025
0.000025
0.000024
0.000024
0.000024
0.000024
0.000024
0.000024
0.000024
0.000024
0.000024
0.000024
0.000024
0.000024
0.000024
0.000024
0.000024
0.000024
0.000024
0.000024
0.000024
0.000024
0.000024
0.000024
0.000024
0.000024
0.000024
0.000024
0.000024
0.000024
0.000024
0.000024
0.000025
0.000025
0.000024
0.000024
0.000024
0.000024
0.000024
0.000024
0.000024
0.000025
0.000043
0.797180
0.998326
0.776288
0.000037
0.000342
0.000392
0.994788
0.999815
0.999802
0.999378
0.999119
0.318426
0.999793
0.999938
0.999951
0.999889
0.837028
0.000046
0.000024
0.000024
0.000024
0.000024
0.000024
0.000024
0.000024
0.000024
0.000025
0.000027
0.000027
0.000026
0.000029
0.000033
0.000025
0.000025
0.000025
0.000024
0.000024
0.000024
0.000025
0.000025
0.000025
0.000025
0.000024
0.000025
0.000024
0.000025
0.000024
0.000024
0.000024
0.000025
0.000025
0.000025
0.000028
0.000029
0.000028
0.000025
0.000024
0.000024
0.000024
0.000024
0.000024
0.000025
0.000024
0.000024
0.000024
0.000024
0.000024
0.000024
0.000024
0.000027
0.000060
0.000259
0.055485
0.287562
0.445120
0.970188
0.798480
0.205883
0.000444
0.599847
0.811726
0.799852
0.999892
0.727843
0.596979
0.000918
0.000703
0.290509
0.340918
0.801869
0.107305
0.000107
0.000040
0.000028
0.000026
0.000024
0.000025
0.000025
0.000025
0.000025
0.000025
0.000025
0.000025
0.000025
0.000024
0.000024
0.000025
0.000024
0.000025
0.000025
0.000024
0.000024
0.000025
0.000025
0.000025
0.000025
0.000025
0.000025
0.000024
0.000024
0.000025
0.000025
0.000024
0.000024
0.000024
0.000024
0.000024
0.000024
0.000025
0.000025
0.000025
0.000025
0.000026
0.000027
0.000026
0.000025
0.000026
0.000025
0.000025
0.000025
0.000025
0.000025
0.000025
0.000024
0.000024
0.000024
0.000024
0.000024
0.000024
0.000024
0.000024
0.000024
0.000025
0.000025
0.000025
0.000024
0.000024
0.000025
0.000024
0.000024
0.000025
0.000025
0.000025
0.000028
0.000043
0.001554
0.199174
0.212129
0.000193
0.000096
0.000030
0.000025
0.000026
0.000048
0.000063
0.000234
0.002290
0.035386
0.000430
0.002448
0.000070
0.370934
0.245680
0.181550
0.006883
0.449292
0.199684
0.000032
0.000025
0.000025
0.000025
0.000026
0.000027
0.000025
0.000025
0.000025
0.000024
0.000024
0.000025
0.000025
0.000025
0.000025
0.000025
0.000025
0.000025
0.000024
0.000025
0.000024
0.000024
0.000024
0.000024
0.000025
0.000024
0.000024
0.000024
0.000025
0.000025
0.000025
0.000024
0.000024
0.000024
0.000024
0.000024
0.000024
0.000024
0.000025
0.000024
0.000024
0.000024
0.000025
0.000025
0.000025
0.000025
0.000025
0.000025
0.000026
0.000025
0.000025
0.000025
0.000025
0.000025
0.000025
0.000024
0.000024
0.000024
0.000024
0.000024
0.000025
0.000025
0.000025
0.000025
0.000025
0.000025
0.000025
0.000024
0.000024
0.000024
0.000024
0.000024
0.000024
0.000024
0.000024
0.000024
0.000024
0.000025
0.000025
0.000025
0.000026
0.000025
0.000025
0.000026
0.000027
0.000025
0.000025
0.000026
0.000027
0.000027
0.000025
0.000025
0.000025
0.000025
0.000025
0.000025
0.000025
0.000025
0.000024
0.000024
0.000024
0.000025
0.000025
0.000025
0.000026
0.000026
0.000027
0.000034
0.000163
0.069951
0.198147
0.600486
0.999706
0.999687
0.999640
0.999897
0.999847
0.999730
0.999856
0.998781
0.000047
0.000027
0.000025
0.000025
0.000025
0.000025
0.000026
0.000027
0.000026
0.000026
0.000024
0.000024
0.000024
0.000024
0.000024
0.000024
0.000025
0.000024
0.000024
0.000024
0.000025
0.000025
0.000025
0.000024
0.000024
0.000024
0.000024
0.000025
0.000026
0.000025
0.000024
0.000024
0.000025
0.000024
0.000024
0.000024
0.000024
0.000024
0.000024
0.000028
0.000024
0.000024
0.000024
0.000024
0.000025
0.000025
0.000025
0.000025
0.000024
0.000024
0.000024
0.000024
0.000024
0.000024
0.000024
0.000024
0.000024
0.000024
0.000024
0.000024
0.000024
0.000024
0.000024
0.000024
0.000024
0.000029
0.000084
0.999273
0.999469
0.999694
0.999931
0.999779
0.999634
0.999875
0.999882
0.999952
0.999964
0.999963
0.999944
0.999892
0.999910
0.999489
0.999510
0.397230
0.000035
0.000024
0.000024
0.000024
0.000024
0.000024
0.000024
0.000025
0.000026
0.000029
0.000038
0.000025
0.000025
0.000025
0.000025
0.000025
0.000025
0.000024
0.000024
0.000024
0.000024
0.000024
0.000025
0.000025
0.000025
0.000025
0.000025
0.000026
0.000025
0.000025
0.000024
0.000024
0.000024
0.000024
0.000024
0.000024
0.000025
0.000025
0.000025
0.000025
0.000025
0.000027
0.000030
0.000030
0.000030
0.000026
0.000025
0.000024
0.000024
0.000024
0.000024
0.000024
0.000024
0.000024
0.000024
0.000024
0.000025
0.000025
0.000024
0.000025
0.000024
0.000024
0.000024
0.000025
0.000024
0.000024
0.000025
0.000024
0.000025
0.000025
0.000026
0.000026
0.000026
0.000026
0.000025
0.000025
0.000025
0.000025
0.000027
0.000025
0.000025
0.000024
0.000025
0.000025
0.000025
0.000025
0.000026
0.000025
0.000026
0.000026
0.000025
0.000025
0.000025
0.000024
0.000024
0.000024
0.000025
0.000024
0.000025
0.000024
0.000024
0.000024
0.000024
0.000024
0.000024
0.000024
0.000025
0.000024
0.000024
0.000024
0.000025
0.000025
0.000024
0.000025
0.000025
0.000027
0.000035
0.000026
0.000026
0.000024
0.000025
0.000025
0.000025
0.000024
0.000024
0.000025
0.000025
0.000025
0.000025
0.000025
0.000025
0.000029
0.000026
0.000026
0.000025
0.000025
0.000024
0.000025
0.000024
0.000024
0.000024
0.000024
0.000024
0.000025
0.000025
0.000025
0.000026
0.000025
0.000026
0.000025
0.000025
0.000027
0.000026
0.000027
0.000026
0.000026
0.000025
0.000025
0.000025
0.000026
0.000024
0.000024
0.000024
0.000024
0.000025
0.000026
0.000028
0.000037
0.196381
0.000037
0.000028
0.000026
0.000024
0.000024
0.000151
0.899657
0.823514
0.647582
0.806080
0.793046
0.224821
0.171060
0.809408
0.986926
0.988809
0.755917
0.601270
0.640604
0.615907
0.000397
0.000389
0.000029
0.000027
0.000024
0.000024
0.000024
0.000024
0.000024
0.000024
0.000025
0.000025
0.000027
0.000025
0.000025
0.000025
0.000025
0.000025
0.000026
0.000025
0.000025
0.000026
0.000026
0.000025
0.000025
0.000024
0.000024
0.000024
0.000024
0.000024
0.000025
0.000028
0.000025
0.000027
0.000026
0.000025
0.000025
0.000025
0.000024
0.000024
0.000024
0.000024
0.000024
0.000024
0.000025
0.000025
0.000024
0.000025
0.000025
0.000025
0.000025
0.000024
0.000024
0.000024
0.000024
0.000024
0.000024
0.000024
0.000024
0.000024
0.000024
0.000025
0.000028
0.000032
0.000047
0.000029
0.000029
0.000027
0.201775
0.295949
0.004742
0.998965
0.626834
0.000466
0.000162
0.006728
0.000082
0.199459
0.207481
0.999692
0.999863
0.999955
0.999962
0.999954
0.999959
0.999956
0.999961
0.999939
0.999742
0.985849
0.799030
0.400280
0.000097
0.000055
0.000030
0.000025
0.000024
0.000024
0.000025
0.000025
0.000024
0.000024
0.000024
0.000024
0.000024
0.000025
0.000025
0.000025
0.000024
0.000024
0.000024
0.000024
0.000024
0.000026
0.000027
0.000026
0.000026
0.000030
0.000045
0.000046
0.000033
0.000042
0.000028
0.000024
0.000025
0.000025
0.000024
0.000024
0.000024
0.000025
0.000025
0.000025
0.000024
0.000024
0.000024
0.000024
0.000024
0.000024
0.000025
0.000028
0.000065
0.000953
0.000101
0.000030
0.000031
0.000025
0.000025
0.000024
0.000024
0.000024
0.000024
0.000025
0.000025
0.000024
0.000024
0.000024
0.000024
0.000024
0.000024
0.000025
0.000024
0.000024
0.000025
0.000024
0.000024
0.000024
0.000024
0.000024
0.000024
0.000025
0.000024
0.000025
0.000025
0.000025
0.000025
0.000025
0.000025
0.000025
0.000024
0.000024
0.000024
0.000024
0.000024
0.000024
0.000024
0.000024
0.000025
0.000027
0.000051
0.000038
0.000039
0.000026
0.000026
0.000025
0.000024
0.000026
0.000024
0.000025
0.000024
0.000024
0.000025
0.000025
0.000025
0.000025
0.000025
0.000024
0.000024
0.000025
0.000025
0.000024
0.000024
0.000024
0.000025
0.000025
0.000025
0.000025
0.000025
0.000024
0.000025
0.000024
0.000024
0.000025
0.000025
0.000024
0.000024
0.000024
0.000025
0.000025
0.000025
0.000024
0.000024
0.000024
0.000024
0.000025
0.000025
0.000025
0.000025
0.000025
0.000025
0.000025
0.000028
0.000026
0.000026
0.000026
0.000025
0.000024
0.000024
0.000024
0.000024
0.000024
0.000024
0.000024
0.000024
0.000024
0.000025
0.000024
0.000024
0.000024
0.000024
0.000024
0.000024
0.000024
0.000024
0.000024
0.000024
0.000024
0.000025
0.000025
0.000024
0.000024
0.000024
0.000025
0.000024
0.000024
0.000024
0.000025
0.000025
0.000024
0.000024
0.000025
0.000024
0.000024
0.000024
0.000024
0.000024
0.000024
0.000025
0.000030
0.999283
0.999858
0.999823
0.809955
0.200304
0.986613
0.999596
0.999924
0.999070
0.999636
0.000152
0.000093
0.000154
0.973106
0.998648
0.999829
0.999940
0.999917
0.999842
0.999899
0.999910
0.999458
0.000029
0.000025
0.000024
0.000024
0.000024
0.000025
0.000025
0.000024
0.000024
0.000024
0.000025
0.000024
0.000024
0.000025
0.000025
0.000024
0.000024
0.000024
0.000024
0.000024
0.000024
0.000024
0.000024
0.000024
0.000024
0.000024
0.000025
0.000025
0.000025
0.000024
0.000024
0.000024
0.000025
0.000025
0.000025
0.000025
0.000024
0.000024
0.000024
0.000025
0.000025
0.000025
0.000025
0.000025
0.000025
0.000025
0.000025
0.000024
0.000024
0.000024
0.000024
0.000024
0.000024
0.000025
0.000025
0.000025
0.000025
0.000025
0.000024
0.000025
0.000025
0.000025
0.000025
0.000026
0.000024
0.000024
0.000024
0.000024
0.000026
0.000031
0.000026
0.000025
0.000025
0.000024
0.000024
0.000024
0.000024
0.000024
0.000024
0.000024
0.000025
0.000025
0.000025
0.000024
0.000024
0.000024
0.000042
0.996104
0.999752
0.999909
0.999956
0.999953
0.999920
0.998968
0.999944
0.999922
0.999947
0.999914
0.999934
0.999966
0.999945
0.999870
0.927240
0.000033
0.000025
0.000025
0.000025
0.000026
0.000025
0.000025
0.000024
0.000024
0.000024
0.000025
0.000025
0.000025
0.000025
0.000024
0.000024
0.000024
0.000024
0.000024
0.000024
0.000024
0.000024
0.000024
0.000024
0.000024
0.000024
0.000024
0.000024
0.000024
0.000025
0.000025
0.000025
0.000025
0.000025
0.000024
0.000024
0.000025
0.000025
0.000025
0.000025
0.000026
0.000025
0.000025
0.000025
0.000024
0.000025
0.000026
0.000026
0.000026
0.000024
0.000024
0.000024
0.000024
0.000024
0.000025
0.000025
0.000024
0.000024
0.000024
0.000024
0.000024
0.000025
0.000025
0.000024
0.000025
0.000024
0.000024
0.000024
0.000024
0.000024
0.000024
0.000024
0.000024
0.000024
0.000024
0.000026
0.000028
0.000026
0.000025
0.000025
0.000026
0.000025
0.000025
0.000026
0.000025
0.000025
0.000025
0.000029
0.000137
0.986431
0.999564
0.906125
0.987540
0.397684
0.001101
0.630432
0.999739
0.999777
0.999914
0.999951
0.999922
0.999822
0.999660
0.395190
0.003865
0.000033
0.000030
0.000043
0.698426
0.963044
0.999580
0.999654
0.999516
0.000129
0.000218
0.181043
0.017642
0.000037
0.000026
0.000024
0.000024
0.000024
0.000024
0.000024
0.000024
0.000024
0.000025
0.000024
0.000024
0.000024
0.000024
0.000024
0.000025
0.000025
0.000025
0.000025
0.000026
0.000025
0.000024
0.000024
0.000025
0.000024
0.000024
0.000024
0.000024
0.000024
0.000024
0.000025
0.000025
0.000025
0.000025
0.000025
0.000024
0.000024
0.000024
0.000024
0.000025
0.000026
0.000031
0.000049
0.802687
0.999883
0.999950
0.999930
0.999926
0.999632
0.999891
0.999689
0.999894
0.399807
0.194504
0.000152
0.196466
0.000130
0.001519
0.000030
0.000025
0.000024
0.000024
0.000024
0.000024
0.000024
0.000024
0.000025
0.000024
0.000025
0.000025
0.000025
0.000024
0.000024
0.000024
0.000024
0.000024
0.000024
0.000025
0.000024
0.000024
0.000025
0.000025
0.000025
0.000025
0.000027
0.000031
0.000027
0.000030
0.000032
0.000027
0.000026
0.000027
0.000024
0.000024
0.000024
0.000024
0.000024
0.000024
0.000024
0.000025
0.000025
0.000025
0.000025
0.000025
0.000024
0.000024
0.000024
0.000024
0.000025
0.000025
0.000024
0.000027
0.000026
0.000024
0.000025
0.000026
0.000030
0.604826
0.999713
0.999771
0.999608
0.999843
0.999851
0.999928
0.999956
0.999902
0.999593
0.999180
0.509991
0.014094
0.000029
0.000042
0.000054
0.000162
0.000171
0.198586
0.000083
0.000031
0.000024
0.000024
0.000024
0.000024
0.000024
0.000024
0.000024
0.000025
0.000026
0.000025
0.000025
0.000025
0.000025
0.000025
0.000025
0.000025
0.000024
0.000024
0.000024
0.000024
0.000024
0.000024
0.000025
0.000024
0.000024
0.000024
0.000024
0.000024
0.000024
0.000025
0.000063
0.202098
0.999174
0.999573
0.999678
0.999759
0.999896
0.999891
0.999792
0.999957
0.999957
0.999951
0.999820
0.999349
0.814340
0.999749
0.999715
0.999047
0.000047
0.000027
0.000024
0.000024
0.000024
0.000025
0.000024
0.000024
0.000024
0.000024
0.000024
0.000024
0.000025
0.000024
0.000025
0.000025
0.000024
0.000025
0.000025
0.000026
0.000027
0.000026
0.000026
0.000026
0.000025
0.000025
0.000024
0.000024
0.000024
0.000024
0.000024
0.000024
0.000024
0.000024
0.000024
0.000024
0.000024
0.000024
0.000024
0.000024
0.000024
0.000024
0.000024
0.000024
0.000024
0.000024
0.000025
0.000025
0.000024
0.000024
0.000024
0.000024
0.000024
0.000025
0.000025
0.000024
0.000025
0.000024
0.000024
0.000024
0.000024
0.000024
0.000024
0.000024
0.000025
0.000025
0.000025
0.000025
0.000025
0.000031
0.000026
0.000027
0.000025
0.000025
0.000024
0.000024
0.000024
0.000024
0.000024
0.000025
0.000025
0.000025
0.000025
0.000024
0.000024
0.000024
0.000025
0.000025
0.000025
0.000025
0.000025
0.000026
0.000026
0.000026
0.000026
0.000026
0.000026
0.000025
0.000025
0.000024
0.000024
0.000025
0.000025
0.000024
0.000025
0.000026
0.000024
0.000025
0.000025
0.000024
0.000025
0.000024
0.000024
0.000024
0.000025
0.000026
0.000026
0.000025
0.000025
0.000024
0.000024
0.000024
0.000024
0.000024
0.000025
0.000025
0.000025
0.000024
0.000024
0.000024
0.000024
0.000025
0.000026
0.000026
0.000025
0.000025
0.000024
0.000024
0.000024
0.000025
0.000025
0.000024
0.000024
0.000024
0.000024
0.000025
0.000025
0.000025
0.000025
0.000025
0.000025
0.000024
0.000024
0.000025
0.000025
0.000025
0.000025
0.000024
0.000024
0.000024
0.000024
0.000024
0.000024
0.000025
0.000025
0.000024
0.000024
0.000024
0.000024
0.000024
0.000024
0.000024
0.000027
0.000129
0.000429
0.000456
0.503761
0.198664
0.195029
0.000491
0.000025
0.000026
0.000041
0.000337
0.000998
0.197909
0.997128
0.000832
0.000030
0.000026
0.000025
0.000025
0.000026
0.000037
0.097790
0.717046
0.184651
0.000028
0.000025
0.000025
0.000025
0.000025
0.000026
0.000027
0.000026
0.000026
0.000026
0.000026
0.000025
0.000025
0.000024
0.000024
0.000025
0.000025
0.000025
0.000025
0.000025
0.000025
0.000025
0.000024
0.000024
0.000024
0.000024
0.000025
0.000025
0.000024
0.000024
0.000025
0.000025
0.000025
0.000025
0.000025
0.000024
0.000025
0.000025
0.000025
0.000026
0.000027
0.000027
0.000025
0.000025
0.000024
0.000024
0.000025
0.000026
0.000025
0.000025
0.000025
0.000025
0.000025
0.000026
0.000024
0.000024
0.000024
0.000025
0.000025
0.000025
0.000026
0.000027
0.000028
0.000027
0.000036
0.005071
0.999489
0.999925
0.999936
0.999963
0.999957
0.999959
0.999950
0.999962
0.999967
0.811151
0.403967
0.000867
0.999730
0.999879
0.999942
0.999377
0.000040
0.000027
0.000031
0.000084
0.000848
0.045832
0.000699
0.000041
0.000040
0.000036
0.000028
0.000027
0.000029
0.000028
0.000031
0.000041
0.000050
0.000035
0.000029
0.000026
0.000024
0.000025
0.000026
0.000027
0.000028
0.000028
0.000032
0.000026
0.000025
0.000024
0.000024
0.000024
0.000025
0.000024
0.000024
0.000024
0.000024
0.000024
0.000025
0.000027
0.000036
0.000038
0.000044
0.000031
0.000026
0.000026
0.000027
0.000028
0.000025
0.000025
0.000026
0.000026
0.000030
0.000031
0.000032
0.000027
0.000025
0.000025
0.000025
0.000025
0.000025
0.000025
0.000025
0.000025
0.000025
0.000027
0.000027
0.000027
0.000026
0.000026
0.000026
0.000025
0.000024
0.000024
0.000024
0.000024
0.000024
0.000024
0.000024
0.000024
0.000025
0.000026
0.000026
0.000025
0.000024
0.000024
0.000024
0.000024
0.000024
0.000024
0.000024
0.000024
0.000025
0.000025
0.000024
0.000025
0.000024
0.000025
0.000024
0.000025
0.000025
0.000025
0.000025
0.000024
0.000024
0.000024
0.000025
0.000025
0.000025
0.000025
0.000025
0.000025
0.000024
0.000024
0.000024
0.000024
0.000024
0.000024
0.000024
0.000024
0.000024
0.000025
0.000025
0.000024
0.000024
0.000024
0.000024
0.000024
0.000024
0.000024
0.000024
0.000025
0.000025
0.000025
0.000026
0.000026
0.000027
0.000025
0.000024
0.000025
0.000025
0.000025
0.000027
0.000027
0.000025
0.000025
0.000024
0.000025
0.000024
0.000025
0.000025
0.000026
0.000025
0.000025
0.000024
0.000025
0.000024
0.000024
0.000025
0.000025
0.000025
0.000027
0.000026
0.000026
0.000026
0.000024
0.000025
0.000026
0.000025
0.000025
0.000025
0.000025
0.000024
0.000024
0.000024
0.000024
0.000024
0.000024
0.000025
0.000025
0.000024
0.000025
0.000024
0.000024
0.000024
0.000024
0.000025
0.000027
0.000027
0.000025
0.000025
0.000025
0.000025
0.000027
0.000029
0.000032
0.000026
0.000026
0.000027
0.000034
0.000028
0.000035
0.000029
0.000029
0.000027
0.000030
0.000030
0.000033
0.000040
0.000026
0.000031
0.000031
0.000030
0.000025
0.000024
0.000024
0.000024
0.000024
0.000024
0.000025
0.000024
0.000024
0.000024
0.000025
0.000025
0.000024
0.000025
0.000025
0.000025
0.000025
0.000025
0.000025
0.000025
0.000026
0.000025
0.000025
0.000025
0.000025
0.000025
0.000025
0.000025
0.000024
0.000024
0.000024
0.000024
0.000024
0.000024
0.000024
0.000025
0.000025
0.000024
0.000024
0.000024
0.000024
0.000024
0.000024
0.000024
0.000024
0.000024
0.000024
0.000024
0.000024
0.000026
0.000029
0.000044
0.000042
0.000202
0.000052
0.000297
0.122632
0.199001
0.199768
0.999907
0.003102
0.000126
0.399781
0.001288
0.608982
0.999601
0.999740
0.999903
0.999883
0.999739
0.805820
0.000065
0.000032
0.000024
0.000025
0.000025
0.000025
0.000026
0.000025
0.000026
0.000028
0.000024
0.000024
0.000024
0.000024
0.000024
0.000025
0.000024
0.000024
0.000024
0.000025
0.000026
0.000028
0.000031
0.000033
0.000031
0.000028
0.000028
0.000027
0.000025
0.000025
0.000025
0.000025
0.000026
0.000026
0.000025
0.000025
0.000026
0.000026
0.000028
0.000032
0.000031
0.000040
0.000035
0.000036
0.000038
0.000043
0.000026
0.000025
0.000025
0.000024
0.000024
0.000024
0.000025
0.000024
0.000025
0.000025
0.000025
0.000025
0.000024
0.000025
0.000025
0.000025
0.000025
0.000025
0.000024
0.000025
0.000026
0.000028
0.000051
0.000286
0.000098
0.028254
0.798759
0.200412
0.198080
0.198917
0.999287
0.201501
0.996752
0.200066
0.000025
0.000034
0.000060
0.001204
0.197197
0.204227
0.195546
0.000072
0.000117
0.000028
0.000025
0.000027
0.000026
0.000025
0.000024
0.000025
0.000024
0.000024
0.000024
0.000024
0.000025
0.000025
0.000024
0.000024
0.000024
0.000024
0.000024
0.000024
0.000024
0.000024
0.000024
0.000024
0.000024
0.000024
0.000024
0.000024
0.000024
0.000024
0.000024
0.000024
0.000024
0.000024
0.000024
0.000024
0.000024
0.000025
0.000025
0.000025
0.000025
0.000025
0.000025
0.000024
0.000025
0.000025
0.000025
0.000024
0.000024
0.000024
0.000024
0.000024
0.000024
0.000024
0.000024
0.000024
0.000024
0.000025
0.000024
0.000024
0.000025
0.000025
0.000024
0.000024
0.000024
0.000024
0.000024
0.000024
0.000024
0.000024
0.000024
0.000024
0.000025
0.000024
0.000024
0.000024
0.000024
0.000024
0.000024
0.000024
0.000024
0.000025
0.000024
0.000025
0.000024
0.000024
0.000024
0.000027
0.000030
0.000028
0.000027
0.000026
0.000025
0.000025
0.000024
0.000024
0.000024
0.000025
0.000025
0.000025
0.000025
0.000025
0.000025
0.000024
0.000024
0.000024
0.000024
0.000024
0.000024
0.000024
0.000024
0.000025
0.000026
0.000033
0.000028
0.000027
0.000025
0.000024
0.000024
0.000024
0.000024
0.000024
0.000024
0.000024
0.000024
0.000025
0.000025
0.000025
0.000025
0.000025
0.000025
0.000025
0.000025
0.000024
0.000025
0.000024
0.000025
0.000025
0.000025
0.000025
0.000025
0.000025
0.000025
0.000025
0.000026
0.000026
0.000024
0.000024
0.000025
0.000027
0.000026
0.000026
0.000025
0.000024
0.000024
0.000025
0.000025
0.000033
0.000030
0.000025
0.000024
0.000024
0.000024
0.000024
0.000024
0.000024
0.000025
0.000024
0.000025
0.000024
0.000024
0.000024
0.000024
0.000024
0.000026
0.000029
0.000031
0.000028
0.000025
0.000024
0.000024
0.000025
0.000025
0.000025
0.000024
0.000024
0.000024
0.000024
0.000024
0.000025
0.000025
0.000025
0.000025
0.000025
0.000025
0.000025
0.000025
0.000026
0.000033
0.000050
0.526836
0.394615
0.000148
0.000060
0.000145
0.998125
0.999649
0.204790
0.000376
0.000039
0.008299
0.063792
0.750822
0.999379
0.995915
0.213763
0.043331
0.000658
0.000050
0.000026
0.000024
0.000024
0.000025
0.000025
0.000025
0.000025
0.000024
0.000024
0.000024
0.000025
0.000025
0.000025
0.000025
0.000025
0.000024
0.000024
0.000025
0.000024
0.000025
0.000027
0.000026
0.000024
0.000025
0.000026
0.000084
0.942897
0.999888
0.999883
0.999914
0.999496
0.999046
0.599580
0.999448
0.991809
0.998893
0.208089
0.000068
0.000341
0.000359
0.000456
0.200734
0.997447
0.811742
0.999370
0.999768
0.998893
0.998991
0.999721
0.058298
0.394024
0.000034
0.000026
0.000025
0.000025
0.000025
0.000026
0.000025
0.000025
0.000025
0.000025
0.000025
0.000024
0.000024
0.000024
0.000024
0.000024
0.000024
0.000025
0.000025
0.000025
0.000025
0.000025
0.000026
0.000025
0.000028
0.000026
0.000026
0.000026
0.000025
0.000025
0.000025
0.000025
0.000025
0.000025
0.000025
0.000024
0.000024
0.000025
0.000024
0.000024
0.000026
0.000026
0.000026
0.000025
0.000026
0.000025
0.000024
0.000024
0.000024
0.000024
0.000025
0.000025
0.000025
0.000025
0.000025
0.000025
0.000025
0.000025
0.000025
0.000025
0.000025
0.000025
0.000025
0.000025
0.000028
0.000027
0.000026
0.000025
0.000025
0.000026
0.000026
0.000026
0.000025
0.000024
0.000024
0.000024
0.000024
0.000024
0.000025
0.000025
0.000025
0.000025
0.000025
0.000025
0.000025
0.000025
0.000025
0.000025
0.000024
0.000024
0.000024
0.000025
0.000024
0.000024
0.000024
0.000024
0.000024
0.000025
0.000025
0.000025
0.000025
0.000025
0.000025
0.000025
0.000025
0.000025
0.000025
0.000025
0.000026
0.000026
0.000027
0.000026
0.000025
0.000025
0.000026
0.000025
0.000025
0.000025
0.000025
0.000025
0.000025
0.000025
0.000025
0.000024
0.000025
0.000024
0.000024
0.000025
0.000026
0.000026
0.000024
0.000024
0.000024
0.000024
0.000024
0.000025
0.000025
0.000025
0.000025
0.000025
0.000025
0.000025
0.000025
0.000025
0.000025
0.000025
0.000025
0.000025
0.000025
0.000025
0.000024
0.000024
0.000024
0.000024
0.000024
0.000025
0.000026
0.000027
0.000028
0.000025
0.000025
0.000024
0.000024
0.000024
0.000024
0.000024
0.000024
0.000024
0.000025
0.000025
0.000025
0.000025
0.000025
0.000025
0.000025
0.000025
0.000027
0.000028
0.000025
0.000025
0.000025
0.000024
0.000025
0.000025
0.000025
0.000031
0.000027
0.000033
0.000028
0.000027
0.000025
0.000025
0.000024
0.000024
0.000025
0.000024
0.000024
0.000024
0.000024
0.000024
0.000025
0.000025
0.000025
0.000025
0.000025
0.000025
0.000024
0.000024
0.000024
0.000024
0.000024
0.000024
0.000024
0.000025
0.000026
0.000026
0.000026
0.000025
0.000025
0.000025
0.000025
0.000024
0.000024
0.000024
0.000024
0.000024
0.000025
0.000025
0.000026
0.000025
0.000025
0.000025
0.000025
0.000025
0.000026
0.000026
0.000025
0.000024
0.000025
0.000025
0.000028
0.000028
0.000028
0.000029
0.000027
0.000025
0.000024
0.000025
0.000025
0.000025
0.000025
0.000025
0.000028
0.000028
0.000026
0.000027
0.000026
0.000026
0.000025
0.000025
0.000025
0.000025
0.000024
0.000024
0.000024
0.000024
0.000025
0.000025
0.000025
0.000025
0.000026
0.000027
0.000024
0.000025
0.000025
0.000025
0.000025
0.000025
0.000025
0.000024
0.000024
0.000024
0.000024
0.000025
0.000024
0.000025
0.000025
0.000024
0.000024
0.000024
0.000024
0.000024
0.000024
0.000024
0.000024
0.000025
0.000025
0.000024
0.000024
0.000024
0.000024
0.000024
0.000024
0.000024
0.000024
0.000024
0.000024
0.000024
0.000024
0.000025
0.000025
0.000025
0.000025
0.000025
0.000140
0.000417
0.199035
0.000099
0.000068
0.000042
0.000107
0.000735
0.175455
0.000143
0.000027
0.000025
0.000024
0.000024
0.000025
0.000025
0.000025
0.000027
0.000026
0.000026
0.000025
0.000229
0.000076
0.845153
0.998531
0.999882
0.999653
0.974613
0.000024
0.000024
0.000024
0.000024
0.000024
0.000025
0.000025
0.000025
0.000025
0.000025
0.000024
0.000024
0.000025
0.000024
0.000024
0.000025
0.000025
0.000025
0.000026
0.000038
0.000026
0.000025
0.000025
0.000024
0.000024
0.000024
0.000025
0.000024
0.000024
0.000024
0.000024
0.000024
0.000025
0.000025
0.000024
0.000024
0.000024
0.000025
0.000024
0.000024
0.000024
0.000024
0.000024
0.000024
0.000024
0.000024
0.000024
0.000024
0.000024
0.000024
0.000024
0.000025
0.000025
0.000025
0.000024
0.000024
0.000025
0.000025
0.000024
0.000024
0.000024
0.000024
0.000024
0.000024
0.000024
0.000025
0.000024
0.000024
0.000024
0.000024
0.000024
0.000024
0.000024
0.000024
0.000024
0.000024
0.000025
0.000024
0.000024
0.000024
0.000024
0.000024
0.000024
0.000024
0.000024
0.000024
0.000025
0.000025
0.000027
0.000026
0.000025
0.000025
0.000025
0.000025
0.000025
0.000024
0.000024
0.000024
0.000024
0.000025
0.000024
0.000025
0.000025
0.000024
0.000025
0.000024
0.000024
0.000024
0.000025
0.000025
0.000025
0.000025
0.000025
0.000025
0.000025
0.000025
0.000024
0.000024
0.000024
0.000025
0.000024
0.000025
0.000025
0.000026
0.000026
0.000026
0.000025
0.000024
0.000025
0.000024
0.000024
0.000024
0.000024
0.000024
0.000024
0.000024
0.000024
0.000024
0.000025
0.000025
0.000025
0.000025
0.000025
0.000024
0.000024
0.000024
0.000024
0.000025
0.000024
0.000024
0.000025
0.000024
0.000024
0.000024
0.000025
0.000025
0.000026
0.000027
0.000025
0.000025
0.000024
0.000025
0.000025
0.000026
0.000025
0.000029
0.000025
0.000056
0.000120
0.000058
0.000043
0.000949
0.220533
0.997426
0.999898
0.999804
0.999665
0.999850
0.999656
0.999734
0.999921
0.999823
0.999785
0.999743
0.999341
0.799966
0.800200
0.941355
0.999654
0.999390
0.000052
0.000026
0.000025
0.000024
0.000024
0.000024
0.000024
0.000025
0.000024
0.000024
0.000024
0.000024
0.000024
0.000024
0.000025
0.000024
0.000024
0.000024
0.000024
0.000024
0.000025
0.000025
0.000024
0.000025
0.000025
0.000025
0.000024
0.000025
0.000025
0.000025
0.000026
0.000025
0.000025
0.000024
0.000024
0.000024
0.000024
0.000024
0.000025
0.000025
0.000025
0.000025
0.000026
0.000025
0.000025
0.000025
0.000025
0.000025
0.000025
0.000024
0.000024
0.000024
0.000024
0.000024
0.000024
0.000024
0.000025
0.000026
0.000027
0.000026
0.000025
0.000024
0.000025
0.000024
0.000024
0.000024
0.000024
0.000024
0.000024
0.000025
0.000025
0.000026
0.000025
0.000025
0.000025
0.000025
0.000025
0.000025
0.000026
0.000034
0.000025
0.000024
0.000024
0.000024
0.000024
0.000024
0.000024
0.000024
0.000025
0.000025
0.000025
0.000024
0.000025
0.000024
0.000024
0.000025
0.000024
0.000025
0.000024
0.000025
0.000025
0.000025
0.000024
0.000025
0.000024
0.000024
0.000024
0.000025
0.000024
0.000025
0.000025
0.000025
0.000024
0.000024
0.000024
0.000024
0.000024
0.000025
0.000025
0.000026
0.000025
0.000024
0.000024
0.000024
0.000024
0.000024
0.000024
0.000025
0.000024
0.000025
0.000025
0.000027
0.000025
0.000025
0.000024
0.000024
0.000024
0.000025
0.000024
0.000024
0.000024
0.000024
0.000024
0.000024
0.000024
0.000024
0.000024
0.000024
0.000024
0.000024
0.000024
0.000024
0.000024
0.000024
0.000024
0.000024
0.000024
0.000024
0.000024
0.000025
0.000024
0.000024
0.000024
0.000024
0.000024
0.000024
0.000024
0.000024
0.000024
0.000025
0.000025
0.000025
0.000025
0.000025
0.000025
0.000024
0.000025
0.000024
0.000024
0.000024
0.000024
0.000024
0.000024
0.000024
0.000024
0.000024
0.000024
0.000025
0.000024
0.000025
0.000031
0.000034
0.009375
0.000569
0.000056
0.000024
0.000024
0.000024
0.000025
0.000024
0.000025
0.000024
0.000025
0.000025
0.000024
0.000024
0.000025
0.000024
0.000024
0.000025
0.000025
0.000024
0.000024
0.000024
0.000025
0.000025
0.000024
0.000025
0.000025
0.000024
0.000024
0.000025
0.000033
0.287988
0.999828
0.999797
0.999089
0.999527
0.999264
0.702700
0.013296
0.000031
0.000091
0.000047
0.000093
0.007188
0.791925
0.199193
0.199250
0.199882
0.392768
0.000579
0.000041
0.000040
0.000025
0.000025
0.000024
0.000024
0.000025
0.000024
0.000024
0.000079
0.000027
0.000029
0.000530
0.000065
0.000025
0.000030
0.000026
0.000026
0.000036
0.000029
0.000025
0.000025
0.000025
0.000024
0.000025
0.000025
0.000025
0.000026
0.000025
0.000025
0.000024
0.000024
0.000025
0.000025
0.000025
0.000025
0.000024
0.000025
0.000024
0.000024
0.000024
0.000024
0.000024
0.000025
0.000024
0.000024
0.000024
0.000025
0.000024
0.000024
0.000024
0.000024
0.000024
0.000024
0.000025
0.000025
0.000026
0.000026
0.000025
0.000024
0.000024
0.000024
0.000024
0.000024
0.000024
0.000024
0.000024
0.000024
0.000025
0.000024
0.000026
0.000026
0.000024
0.000024
0.000025
0.000026
0.000025
0.000025
0.000024
0.000024
0.000024
0.000024
0.000024
0.000024
0.000024
0.000024
0.000024
0.000024
0.000024
0.000025
0.000025
0.000024
0.000024
0.000025
0.000027
0.000026
0.000026
0.000026
0.000025
0.000024
0.000024
0.000024
0.000024
0.000024
0.000024
0.000024
0.000024
0.000024
0.000024
0.000024
0.000025
0.000024
0.000025
0.000024
0.000024
0.000025
0.000025
0.000025
0.000025
0.000026
0.000025
0.000026
0.000025
0.000025
0.000025
0.000025
0.000024
0.000024
0.000025
0.000024
0.000025
0.000025
0.000024
0.000024
0.000024
0.000024
0.000024
0.000024
0.000024
0.000024
0.000024
0.000024
0.000024
0.000024
0.000024
0.000024
0.000024
0.000024
0.000024
0.000024
0.000024
0.000024
0.000024
0.000024
0.000024
0.000024
0.000024
0.000025
0.000028
0.000030
0.000025
0.000025
0.000024
0.000025
0.000025
0.000027
0.000026
0.000025
0.000031
0.000028
0.000027
0.000026
0.000027
0.000026
0.000025
0.000025
0.000026
0.000026
0.000025
0.000026
0.000025
0.000025
0.000024
0.000024
0.000025
0.000025
0.000026
0.000025
0.000026
0.000024
0.000024
0.000024
0.000025
0.000025
0.000024
0.000024
0.000025
0.000025
0.000025
0.000025
0.000025
0.000026
0.000028
0.000026
0.000025
0.000025
0.000025
0.000025
0.000025
0.000025
0.000025
0.000034
0.000068
0.000046
0.000076
0.000034
0.000030
0.000030
0.000027
0.000027
0.000025
0.000024
0.000025
0.000025
0.000025
0.000024
0.000024
0.000024
0.000025
0.000025
0.000024
0.000025
0.000025
0.000025
0.000025
0.000025
0.000025
0.000025
0.000024
0.000024
0.000024
0.000024
0.000025
0.000025
0.000026
0.000025
0.000025
0.000025
0.000024
0.000024
0.000051
0.000030
0.000027
0.000026
0.000025
0.000024
0.000024
0.000024
0.000024
0.000024
0.000024
0.000025
0.000024
0.000024
0.000024
0.000025
0.000025
0.000025
0.000026
0.000025
0.000025
0.000025
0.000024
0.000024
0.000024
0.000025
0.000024
0.000026
0.000027
0.000039
0.000027
0.000026
0.000024
0.000024
0.000024
0.000025
0.000025
0.000027
0.000028
0.000026
0.000028
0.000074
0.000030
0.000025
0.000024
0.000024
0.000024
0.000024
0.000024
0.000024
0.000024
0.000024
0.000024
0.000025
0.000024
0.000025
0.000025
0.000024
0.000024
0.000024
0.000024
0.000025
0.000025
0.000025
0.000025
0.000025
0.000024
0.000024
0.000025
0.000024
0.000025
0.000025
0.000025
0.000024
0.000024
0.000024
0.000024
0.000024
0.000025
0.000024
0.000025
0.000025
0.000026
0.000025
0.000024
0.000024
0.000024
0.000024
0.000027
0.000025
0.000025
0.000025
0.000024
0.000024
0.000025
0.000025
0.000027
0.000031
0.000148
0.000042
0.000027
0.000025
0.000024
0.000024
0.000024
0.000025
0.000025
0.000026
0.000027
0.000030
0.000026
0.000025
0.000025
0.000024
0.000024
0.000025
0.000025
0.000025
0.000025
0.000026
0.000026
0.000025
0.000026
0.000025
0.000025
0.000025
0.000024
0.000024
0.000024
0.000024
0.000025
0.000025
0.000027
0.000032
0.000030
0.000025
0.000024
0.000024
0.000024
0.000024
0.000024
0.000024
0.000024
0.000025
0.000024
0.000025
0.000024
0.000024
0.000024
0.000025
0.000027
0.000225
0.000146
0.000065
0.000025
0.000025
0.000027
0.000025
0.000025
0.000025
0.000025
0.000026
0.000024
0.000025
0.000024
0.000024
0.000024
0.000024
0.000024
0.000024
0.000025
0.000027
0.000025
0.000024
0.000026
0.000025
0.000024
0.000026
0.000025
0.000025
0.000026
0.000026
0.000024
0.000024
0.000025
0.000024
0.000024
0.000024
0.000025
0.000025
0.000026
0.000028
0.000025
0.000024
0.000024
0.000024
0.000024
0.000024
0.000024
0.000024
0.000024
0.000024
0.000024
0.000025
0.000024
0.000024
0.000024
0.000024
0.000024
0.000024
0.000024
0.000025
0.000025
0.000025
0.000025
0.000025
0.000024
0.000024
0.000025
0.000026
0.000070
0.000028
0.000028
0.000029
0.000157
0.001788
0.998371
0.999929
0.999866
0.682423
0.000098
0.000049
0.000050
0.002208
0.625606
0.601536
0.000363
0.000043
0.000025
0.000024
0.000025
0.000025
0.000025
0.000024
0.000024
0.000024
0.000024
0.000024
0.000024
0.000024
0.000025
0.000024
0.000024
0.000024
0.000025
0.000024
0.000024
0.000024
0.000027
0.000027
0.000026
0.000025
0.000025
0.000025
0.000024
0.000024
0.000024
0.000024
0.000026
0.000027
0.000025
0.000025
0.000025
0.000025
0.000025
0.000027
0.000028
0.000030
0.000025
0.000024
0.000024
0.000024
0.000024
0.000024
0.000025
0.000025
0.000026
0.000025
0.000025
0.000024
0.000024
0.000024
0.000024
0.000025
0.000024
0.000025
0.000025
0.000034
0.998618
0.999918
0.999887
0.999768
0.918977
0.999454
0.999810
0.999685
0.999743
0.999783
0.999727
0.999859
0.999815
0.999841
0.805628
0.999674
0.999680
0.999796
0.999299
0.001451
0.000025
0.000024
0.000024
0.000024
0.000026
0.000025
0.000025
0.000024
0.000024
0.000025
0.000026
0.000031
0.000055
0.000429
0.000062
0.000032
0.000026
0.000026
0.000025
0.000025
0.000024
0.000025
0.000026
0.000025
0.000027
0.000026
0.000025
0.000024
0.000024
0.000025
0.000025
0.000025
0.000028
0.000031
0.000066
0.000071
0.000033
0.000026
0.000028
0.000031
0.000026
0.000027
0.000026
0.000024
0.000024
0.000024
0.000024
0.000025
0.000025
0.000024
0.000025
0.000024
0.000025
0.000024
0.000024
0.000024
0.000024
0.000024
0.000024
0.000024
0.000025
0.000025
0.000025
0.000025
0.000024
0.000024
0.000024
0.000024
0.000025
0.000026
0.000026
0.000025
0.000024
0.000024
0.000024
0.000024
0.000024
0.000024
0.000024
0.000024
0.000024
0.000030
0.000034
0.000032
0.000093
0.000026
0.000024
0.000024
0.000024
0.000025
0.000026
0.000027
0.000026
0.000026
0.000025
0.000025
0.000024
0.000024
0.000024
0.000025
0.000025
0.000024
0.000025
0.000025
0.000025
0.000027
0.000026
0.000025
0.000027
0.000029
0.000028
0.000026
0.000025
0.000026
0.000027
0.000025
0.000029
0.000026
0.000025
0.000034
0.000045
0.000040
0.000037
0.000031
0.000026
0.000027
0.000025
0.000025
0.000025
0.000024
0.000024
0.000024
0.000025
0.000024
0.000024
0.000024
0.000025
0.000025
0.000025
0.000025
0.000024
0.000025
0.000024
0.000024
0.000024
0.000024
0.000024
0.000024
0.000024
0.000024
0.000024
0.000025
0.000025
0.000024
0.000024
0.000024
0.000024
0.000025
0.000024
0.000024
0.000025
0.000024
0.000024
0.000024
0.000025
0.000026
0.000027
0.000027
0.000026
0.000026
0.000024
0.000024
0.000025
0.000025
0.000024
0.000025
0.000026
0.000026
0.000025
0.000036
0.000031
0.000028
0.000028
0.000024
0.000024
0.000025
0.000025
0.000024
0.000026
0.000046
0.873776
0.604093
0.980485
0.799113
0.605691
0.998412
0.999445
0.999735
0.999711
0.999674
0.808089
0.989473
0.997774
0.800636
0.998125
0.990045
0.587641
0.000377
0.022021
0.000029
0.000025
0.000026
0.000024
0.000024
0.000025
0.000024
0.000024
0.000024
0.000024
0.000024
0.000025
0.000026
0.000033
0.000028
0.000026
0.000026
0.000025
0.000025
0.000025
0.000025
0.000024
0.000024
0.000024
0.000025
0.000025
0.000026
0.000194
0.998840
0.999851
0.999790
0.726813
0.400688
0.000025
0.000025
0.000025
0.000025
0.000025
0.000025
0.000025
0.000025
0.000025
0.000025
0.000025
0.000026
0.000025
0.000025
0.000025
0.000024
0.000024
0.000025
0.000026
0.000030
0.000029
0.000026
0.000025
0.000024
0.000025
0.000027
0.000027
0.000026
0.000025
0.000025
0.000025
0.000025
0.000025
0.000025
0.000025
0.000027
0.000029
0.000029
0.000031
0.000031
0.000030
0.000027
0.000026
0.000027
0.000025
0.000026
0.000025
0.000025
0.000025
0.000025
0.000025
0.000024
0.000024
0.000025
0.000025
0.000025
0.000025
0.000024
0.000024
0.000024
0.000024
0.000024
0.000024
0.000024
0.000024
0.000024
0.000025
0.000024
0.000024
0.000025
0.000025
0.000025
0.000025
0.000026
0.000026
0.000026
0.000025
0.000025
0.000025
0.000026
0.000025
0.000025
0.000025
0.000025
0.000024
0.000024
0.000024
0.000024
0.000024
0.000024
0.000024
0.000025
0.000024
0.000025
0.000025
0.000024
0.000024
0.000024
0.000024
0.000025
0.000025
0.000025
0.000025
0.000025
0.000024
0.000024
0.000024
0.000024
0.000024
0.000024
0.000024
0.000024
0.000024
0.000024
0.000024
0.000024
0.000024
0.000024
0.000025
0.000025
0.000331
0.999458
0.999871
0.999962
0.999965
0.999968
0.999956
0.999960
0.999955
0.999959
0.999957
0.999927
0.999957
0.999946
0.999956
0.999928
0.999952
0.999945
0.999949
0.999965
0.999960
0.999746
0.421129
0.000040
0.000025
0.000024
0.000024
0.000024
0.000025
0.000024
0.000024
0.000024
0.000025
0.000025
0.000024
0.000024
0.000024
0.000024
0.000024
0.000024
0.000024
0.000024
0.000025
0.000025
0.000024
0.000029
0.000026
0.000025
0.000025
0.000025
0.000024
0.000024
0.000024
0.000024
0.000025
0.000025
0.000025
0.000025
0.000025
0.000025
0.000025
0.000025
0.000025
0.000025
0.000024
0.000024
0.000024
0.000024
0.000024
0.000025
0.000025
0.000025
0.000025
0.000032
0.000027
0.000026
0.000026
0.000025
0.000024
0.000024
0.000025
0.000024
0.000024
0.000025
0.000025
0.000025
0.000025
0.000025
0.000024
0.000025
0.000024
0.000024
0.000024
0.000024
0.000024
0.000024
0.000024
0.000025
0.000025
0.000024
0.000024
0.000024
0.000025
0.000025
0.000025
0.000025
0.000024
0.000024
0.000025
0.000024
0.000024
0.000024
0.000024
0.000024
0.000026
0.000028
0.000026
0.000024
0.000025
0.000025
0.000025
0.000024
0.000024
0.000024
0.000025
0.000024
0.000024
0.000025
0.000024
0.000025
0.000025
0.000024
0.000024
0.000025
0.000024
0.000024
0.000024
0.000025
0.000025
0.000025
0.000027
0.000035
0.000035
0.000027
0.000024
0.000025
0.000025
0.000025
0.000025
0.000024
0.000024
0.000024
0.000024
0.000024
0.000024
0.000026
0.000028
0.000029
0.000026
0.000024
0.000024
0.000024
0.000024
0.000024
0.000024
0.000024
0.000024
0.000024
0.000025
0.000027
0.000028
0.000027
0.000035
0.000029
0.000025
0.000025
0.000025
0.000024
0.000024
0.000026
0.000029
0.000032
0.000035
0.000038
0.000025
0.000024
0.000024
0.000024
0.000024
0.000025
0.000025
0.000025
0.000024
0.000024
0.000025
0.000025
0.000026
0.000029
0.000029
0.000025
0.000025
0.000025
0.000024
0.000024
0.000024
0.000024
0.000024
0.000027
0.000026
0.000031
0.000025
0.000024
0.000024
0.000025
0.000024
0.000024
0.000024
0.000025
0.000025
0.000025
0.000027
0.000025
0.000025
0.000025
0.000025
0.000024
0.000025
0.000024
0.000024
0.000024
0.000024
0.000024
0.000024
0.000024
0.000024
0.000025
0.000027
0.000032
0.000043
0.000033
0.000029
0.000025
0.000024
0.000024
0.000024
0.000024
0.000024
0.000024
0.000024
0.000024
0.000024
0.000024
0.000025
0.000024
0.000024
0.000024
0.000024
0.000024
0.000025
0.000024
0.000024
0.000024
0.000025
0.000029
0.105560
0.000246
0.595978
0.417133
0.999545
0.999695
0.999885
0.001340
0.000113
0.000056
0.000150
0.000044
0.000084
0.000029
0.000030
0.000030
0.000065
0.000105
0.000760
0.000175
0.000032
0.000024
0.000024
0.000024
0.000025
0.000025
0.000025
0.000025
0.000024
0.000024
0.000024
0.000024
0.000024
0.000024
0.000024
0.000024
0.000024
0.000024
0.000024
0.000024
0.000024
0.000024
0.000025
0.000025
0.000024
0.000024
0.000024
0.000024
0.000026
0.000026
0.000025
0.000024
0.000024
0.000024
0.000024
0.000024
0.000024
0.000024
0.000024
0.000024
0.000024
0.000024
0.000025
0.000025
0.000052
0.810760
0.999922
0.999926
0.999946
0.999909
0.999707
0.999949
0.999866
0.999957
0.999965
0.999951
0.999652
0.999672
0.177553
0.000035
0.000026
0.000024
0.000027
0.000027
0.000027
0.000029
0.000027
0.000028
0.000025
0.000024
0.000024
0.000025
0.000025
0.000025
0.000025
0.000027
0.000024
0.000024
0.000024
0.000024
0.000024
0.000024
0.000025
0.000025
0.000025
0.000024
0.000024
0.000025
0.000024
0.000025
0.000025
0.000025
0.000026
0.399302
0.999850
0.999965
0.999960
0.999923
0.999851
0.999912
0.999695
0.999556
0.999859
0.999862
0.999892
0.999941
0.999929
0.999764
0.187509
0.000535
0.000028
0.000038
0.000220
0.000131
0.000032
0.000025
0.000025
0.000025
0.000026
0.000029
0.000030
0.000027
0.000025
0.000025
0.000025
0.000026
0.000026
0.000026
0.000028
0.000030
0.000036
0.000044
0.000030
0.000033
0.000031
0.000026
0.000025
0.000025
0.000025
0.000024
0.000024
0.000024
0.000024
0.000024
0.000025
0.000024
0.000025
0.000025
0.000025
0.000025
0.000028
0.000026
0.000031
0.000061
0.000083
0.000060
0.000058
0.000051
0.000029
0.000027
0.000026
0.000026
0.000040
0.000623
0.000708
0.000292
0.398241
0.000093
0.597322
0.802969
0.999436
0.998811
0.785756
0.000045
0.997770
0.996034
0.999727
0.999941
0.999921
0.999851
0.999628
0.998222
0.999860
0.999583
0.604044
0.513548
0.001356
0.000026
0.000025
0.000027
0.000028
0.000029
0.000027
0.000029
0.000024
0.000025
0.000027
0.000027
0.000044
0.000062
0.000028
0.000027
0.000025
0.000024
0.000025
0.000025
0.000028
0.000027
0.000024
0.000024
0.000025
0.000025
0.000025
0.000026
0.000027
0.000026
0.000027
0.000026
0.000025
0.000026
0.000025
0.000026
0.000024
0.000024
0.000024
0.000024
0.000024
0.000025
0.000025
0.000026
0.000032
0.000029
0.000024
0.000024
0.000025
0.000025
0.000024
0.000025
0.000025
0.000025
0.000024
0.000025
0.000028
0.000027
0.000047
0.000251
0.998657
0.999317
0.999126
0.999781
0.998474
0.401590
0.000105
0.276545
0.004667
0.387958
0.000237
0.000037
0.000025
0.000024
0.000024
0.000024
0.000024
0.000024
0.000024
0.000024
0.000024
0.000024
0.000024
0.000024
0.000024
0.000024
0.000025
0.000026
0.000026
0.000026
0.000027
0.000025
0.000025
0.000025
0.000025
0.000024
0.000025
0.000025
0.000024
0.000024
0.000024
0.000024
0.000024
0.000025
0.000026
0.000029
0.000028
0.000042
0.007732
0.683629
0.999768
0.999702
0.999050
0.999845
0.999742
0.572863
0.217992
0.000031
0.000025
0.000024
0.000024
0.000024
0.000024
0.000024
0.000024
0.000024
0.000024
0.000024
0.000025
0.000026
0.000030
0.000030
0.000026
0.000026
0.000024
0.000024
0.000025
0.000026
0.000025
0.000025
0.000026
0.000027
0.000027
0.000025
0.000025
0.000025
0.000025
0.000026
0.000037
0.000096
0.932157
0.997570
0.999788
0.999836
0.999831
0.999891
0.999935
0.999896
0.999924
0.999833
0.999870
0.999943
0.999920
0.999599
0.001412
0.000143
0.000026
0.000026
0.000024
0.000024
0.000024
0.000024
0.000024
0.000024
0.000024
0.000024
0.000024
0.000024
0.000024
0.000024
0.000024
0.000025
0.000025
0.000037
0.000029
0.000027
0.000025
0.000025
0.000027
0.000028
0.000034
0.000037
0.000026
0.000025
0.000025
0.000027
0.000027
0.000025
0.000026
0.000024
0.000024
0.000024
0.000024
0.000024
0.000024
0.000025
0.000025
0.000024
0.000024
0.000025
0.000024
0.000025
0.000025
0.000024
0.000024
0.000024
0.000024
0.000025
0.000025
0.000024
0.000024
0.000024
0.000024
0.000025
0.000025
0.000025
0.000025
0.000025
0.000024
0.000024
0.000024
0.000024
0.000024
0.000025
0.000024
0.000024
0.000024
0.000025
0.000024
0.000025
0.000024
0.000024
0.000025
0.000024
0.000025
0.000025
0.000029
0.000028
0.000027
0.000025
0.000103
0.959306
0.999884
0.999870
0.999242
0.320381
0.000934
0.000048
0.000065
0.623530
0.799847
0.390825
0.223542
0.000210
0.000200
0.443828
0.999887
0.999963
0.999965
0.999950
0.999850
0.199987
0.999857
0.999784
0.999514
0.000105
0.000026
0.000024
0.000024
0.000024
0.000025
0.000025
0.000026
0.000027
0.000027
0.000025
0.000025
0.000025
0.000024
0.000024
0.000024
0.000024
0.000025
0.000027
0.000027
0.000028
0.000027
0.000030
0.000028
0.000029
0.000026
0.000025
0.000026
0.000026
0.000025
0.000025
0.000025
0.000025
0.000024
0.000024
0.000024
0.000025
0.000024
0.000024
0.000026
0.000027
0.000026
0.000025
0.000025
0.000024
0.000028
0.000027
0.000027
0.000028
0.000028
0.000028
0.000026
0.000025
0.000044
0.000126
0.204239
0.734844
0.632706
0.776772
0.766704
0.999853
0.999925
0.999948
0.999961
0.999959
0.999935
0.999581
0.984798
0.632340
0.193801
0.000041
0.000038
0.000035
0.000049
0.000039
0.000026
0.000025
0.000024
0.000024
0.000024
0.000025
0.000025
0.000024
0.000024
0.000024
0.000024
0.000025
0.000040
0.999703
0.999945
0.999966
0.999968
0.999960
0.999934
0.999389
0.999179
0.999360
0.999616
0.981005
0.798456
0.798904
0.774552
0.140608
0.001894
0.999463
0.999738
0.999884
0.999961
0.999947
0.999924
0.999912
0.999911
0.999905
0.999869
0.999921
0.999891
0.999784
0.033139
0.024938
0.000028
0.000025
0.000026
0.000024
0.000024
0.000024
0.000025
0.000024
0.000024
0.000025
0.000026
0.000025
0.000025
0.000025
0.000025
0.000024
0.000024
0.000024
0.000024
0.000024
0.000024
0.000024
0.000024
0.000024
0.000025
0.000025
0.000025
0.000024
0.000024
0.000024
0.000024
0.000024
0.000024
0.000024
0.000024
0.000025
0.000025
0.000025
0.000025
0.000025
0.000025
0.000025
0.000025
0.000025
0.000024
0.000024
0.000024
0.000024
0.000056
0.389257
0.991365
0.999462
0.999773
0.999343
0.999879
0.999923
0.999941
0.999925
0.999815
0.999859
0.999907
0.999955
0.999965
0.999965
0.999113
0.999398
0.000974
0.000048
0.000026
0.000025
0.000025
0.000026
0.000027
0.000025
0.000025
0.000025
0.000024
0.000024
0.000025
0.000024
0.000024
0.000025
0.000025
0.000024
0.000024
0.000025
0.000024
0.000024
0.000024
0.000024
0.000024
0.000024
0.000025
0.000024
0.000024
0.000024
0.000026
0.000025
0.000026
0.000028
0.000028
0.000028
0.000030
0.000028
0.000025
0.000024
0.000024
0.000024
0.000024
0.000025
0.000025
0.000026
0.000026
0.000025
0.000025
0.000025
0.000025
0.000025
0.000025
0.000025
0.000025
0.000025
0.000025
0.000024
0.000025
0.000030
0.000076
0.000128
0.000386
0.201765
0.793759
0.761040
0.966038
0.999261
0.035391
0.433468
0.334809
0.000908
0.000040
0.000068
0.022797
0.340619
0.802712
0.998607
0.338710
0.480798
0.001076
0.000083
0.114256
0.999034
0.999482
0.999528
0.999750
0.997412
0.000045
0.000025
0.000025
0.000025
0.000025
0.000027
0.000033
0.000028
0.000031
0.000028
0.000025
0.000025
0.000026
0.000025
0.000024
0.000024
0.000024
0.000024
0.000024
0.000025
0.000025
0.000026
0.000026
0.000028
0.000027
0.000026
0.000025
0.000025
0.000025
0.000025
0.000025
0.000025
0.000025
0.000026
0.000026
0.000025
0.000025
0.000024
0.000024
0.000024
0.000024
0.000024
0.000024
0.000024
0.000024
0.000025
0.000024
0.000024
0.000024
0.000024
0.000025
0.000025
0.000025
0.000025
0.000025
0.000025
0.000025
0.000025
0.000028
0.000026
0.000025
0.000024
0.000024
0.000024
0.000025
0.000024
0.000024
0.000024
0.000024
0.000024
0.000024
0.000024
0.000024
0.000025
0.000024
0.000024
0.000024
0.000025
0.000027
0.000025
0.000025
0.000026
0.000024
0.000025
0.000024
0.000025
0.000025
0.000025
0.000025
0.000026
0.000025
0.000025
0.000025
0.000025
0.000025
0.000025
0.000026
0.000026
0.000025
0.000025
0.000027
0.000027
0.000025
0.000024
0.000025
0.000024
0.000025
0.000025
0.000024
0.000024
0.000024
0.000024
0.000024
0.000024
0.000025
0.000025
0.000025
0.000025
0.000026
0.000025
0.000025
0.000030
0.000027
0.000025
0.000025
0.000024
0.000025
0.000024
0.000025
0.000024
0.000024
0.000024
0.000024
0.000025
0.000025
0.000028
0.000028
0.000027
0.000028
0.000028
0.000027
0.000031
0.000033
0.000074
0.000082
0.000032
0.000030
0.000028
0.000026
0.000025
0.000028
0.000026
0.000028
0.000026
0.000025
0.000025
0.000025
0.000025
0.000024
0.000024
0.000026
0.000032
0.000026
0.000025
0.000024
0.000026
0.000027
0.000025
0.000025
0.000026
0.000027
0.000025
0.000025
0.000024
0.000025
0.000025
0.000025
0.000025
0.000027
0.000029
0.000027
0.000031
0.000025
0.000026
0.000026
0.000027
0.000030
0.000028
0.000026
0.000025
0.000024
0.000024
0.000025
0.000025
0.000025
0.000026
0.000026
0.000029
0.000047
0.000035
0.000082
0.000028
0.000026
0.000025
0.000024
0.000024
0.000024
0.000025
0.000024
0.000025
0.000024
0.000025
0.000024
0.000026
0.000027
0.000026
0.000070
0.000035
0.000039
0.000025
0.000025
0.000025
0.000025
0.000026
0.000041
0.000049
0.000050
0.000050
0.000027
0.000103
0.000111
0.001032
0.999376
0.404202
0.000079
0.000029
0.000025
0.000025
0.000026
0.000028
0.000028
0.000081
0.400232
0.527950
0.955594
0.998699
0.999417
0.774546
0.209874
0.032475
0.192628
0.000227
0.000075
0.000036
0.000057
0.000090
0.200175
0.000403
0.000094
0.000039
0.000122
0.000204
0.611503
0.994449
0.999775
0.999857
0.999945
0.999948
0.999938
0.999925
0.999954
0.999961
0.999942
0.999921
0.999942
0.820558
0.998653
0.999303
0.994917
0.999879
0.999937
0.999951
0.999966
0.999967
0.999952
0.999417
0.822418
0.399907
0.000034
0.000025
0.000025
0.000026
0.000026
0.000066
0.198573
0.000312
0.000056
0.000075
0.000047
0.000078
0.000039
0.000030
0.000025
0.000026
0.000025
0.000031
0.000028
0.000027
0.000026
0.000031
0.000024
0.000026
0.000026
0.000026
0.000026
0.000025
0.000025
0.000030
0.000030
0.000025
0.000026
0.000025
0.000025
0.000025
0.000027
0.000027
0.000031
0.000030
0.000028
0.000027
0.000034
0.159080
0.991849
0.997159
0.599164
0.306495
0.211403
0.202418
0.199341
0.186628
0.388753
0.414446
0.999684
0.999724
0.999965
0.999968
0.999965
0.999889
0.999037
0.603806
0.001134
0.000037
0.000046
0.000065
0.000034
0.000130
0.000120
0.000099
0.000027
0.000025
0.000024
0.000024
0.000024
0.000024
0.000024
0.000024
0.000024
0.000024
0.000024
0.000024
0.000024
0.000028
0.000096
0.000166
0.000051
0.000140
0.000036
0.000028
0.000027
0.000045
0.000033
0.000059
0.000076
0.001148
0.001148
0.329273
0.024977
0.042879
0.000059
0.000179
0.000128
0.000583
0.012340
0.000183
0.000134
0.000067
0.000097
0.000078
0.000025
0.000025
0.000024
0.000025
0.000027
0.000037
0.000029
0.000026
0.000027
0.000027
0.000027
0.000039
0.000041
0.000025
0.000027
0.000026
0.000032
0.000035
0.000040
0.000040
0.013853
0.805018
0.961216
0.998826
0.999007
0.922456
0.999852
0.999788
0.999851
0.999400
0.998893
0.125328
0.790790
0.998829
0.999526
0.999851
0.999786
0.999928
0.999959
0.999946
0.999727
0.999265
0.199590
0.000218
0.001004
0.000173
0.834414
0.786810
0.600781
0.000992
0.000037
0.000025
0.000024
0.000024
0.000024
0.000025
0.000025
0.000024
0.000025
0.000024
0.000024
0.000025
0.000025
0.000024
0.000025
0.000025
0.000025
0.000025
0.000024
0.000024
0.000024
0.000024
0.000026
0.000045
0.999071
0.999571
0.999892
0.999947
0.999949
0.601732
0.398449
0.384072
0.999737
0.999723
0.999574
0.999904
0.999925
0.999888
0.999901
0.999903
0.999936
0.998560
0.000036
0.000024
0.000024
0.000024
0.000024
0.000024
0.000024
0.000025
0.000025
0.000025
0.000025
0.000027
0.000025
0.000025
0.000027
0.000025
0.000025
0.000025
0.000025
0.000025
0.000025
0.000025
0.000027
0.000027
0.000027
0.000030
0.000027
0.000026
0.000027
0.000030
0.000030
0.000029
0.000028
0.000027
0.000025
0.000024
0.000024
0.000025
0.000025
0.000025
0.000025
0.000025
0.000024
0.000024
0.000024
0.000024
0.000024
0.000025
0.000026
0.000026
0.000027
0.000027
0.000025
0.000025
0.000025
0.000024
0.000024
0.000024
0.000024
0.000025
0.000024
0.000024
0.000025
0.000025
0.000026
0.000026
0.000025
0.000025
0.000025
0.000025
0.000025
0.000024
0.000024
0.000024
0.000024
0.000024
0.000024
0.000025
0.000025
0.000024
0.000024
0.000024
0.000024
0.000024
0.000024
0.000025
0.000025
0.000025
0.000026
0.000025
0.000024
0.000024
0.000024
0.000024
0.000026
0.000025
0.000025
0.000026
0.000026
0.000026
0.000027
0.000026
0.000026
0.000025
0.000025
0.000025
0.000025
0.000025
0.000026
0.000026
0.000034
0.000029
0.000025
0.000025
0.000025
0.000025
0.000025
0.000026
0.000028
0.000027
0.000027
0.000026
0.000025
0.000026
0.000025
0.000024
0.000024
0.000024
0.000024
0.000024
0.000025
0.000025
0.000024
0.000025
0.000025
0.000025
0.000025
0.000025
0.000024
0.000024
0.000025
0.000025
0.000025
0.000025
0.000025
0.000025
0.000025
0.000025
0.000026
0.000025
0.000025
0.000025
0.000025
0.000024
0.000025
0.000025
0.000025
0.000025
0.000025
0.000026
0.000027
0.000024
0.000024
0.000024
0.000024
0.000024
0.000024
0.000024
0.000025
0.000025
0.000034
0.001775
0.000265
0.996748
0.999905
0.999849
0.999856
0.999958
0.999961
0.999932
0.999950
0.999954
0.999911
0.999946
0.999911
0.999129
0.807422
0.999853
0.999211
0.999691
0.999461
0.999825
0.995013
0.009330
0.000076
0.000033
0.000026
0.000027
0.000028
0.000027
0.000026
0.000025
0.000024
0.000025
0.000024
0.000024
0.000025
0.000025
0.000024
0.000024
0.000024
0.000025
0.000024
0.000025
0.000024
0.000024
0.000024
0.000024
0.000024
0.000024
0.000024
0.000024
0.000024
0.000024
0.000027
0.000027
0.000028
0.000025
0.000025
0.000025
0.000025
0.000025
0.000025
0.000025
0.000024
0.000025
0.000025
0.000025
0.000024
0.000024
0.000024
0.000024
0.000024
0.000024
0.000025
0.000026
0.000027
0.000026
0.000026
0.000027
0.000026
0.000025
0.000025
0.000025
0.000025
0.000025
0.000026
0.000026
0.000025
0.000026
0.000025
0.000025
0.000025
0.000025
0.000025
0.000025
0.000025
0.000026
0.000025
0.000025
0.000025
0.000025
0.000025
0.000024
0.000025
0.000025
0.000024
0.000024
0.000024
0.000024
0.000024
0.000024
0.000024
0.000024
0.000024
0.000024
0.000024
0.000024
0.000024
0.000024
0.000024
0.000024
0.000024
0.000025
0.000027
0.000032
0.000054
0.000032
0.000024
0.000024
0.000025
0.000025
0.000024
0.000024
0.000025
0.000025
0.000025
0.000025
0.000024
0.000024
0.000024
0.000024
0.000024
0.000024
0.000024
0.000024
0.000025
0.000026
0.000026
0.000026
0.000025
0.000025
0.000025
0.000025
0.000026
0.000026
0.000026
0.000025
0.000025
0.000025
0.000025
0.000025
0.000026
0.000025
0.000025
0.000025
0.000025
0.000025
0.000025
0.000025
0.000025
0.000024
0.000024
0.000024
0.000024
0.000024
0.000025
0.000025
0.000025
0.000025
0.000025
0.000025
0.000025
0.000025
0.000025
0.000025
0.000025
0.000025
0.000025
0.000025
0.000025
0.000025
0.000025
0.000025
0.000025
0.000024
0.000024
0.000025
0.000025
0.000025
0.000025
0.000024
0.000024
0.000024
0.000024
0.000024
0.000024
0.000025
0.000024
0.000024
0.000025
0.000025
0.000025
0.000025
0.000025
0.000025
0.000025
0.000025
0.000025
0.000024
0.000024
0.000024
0.000024
0.000025
0.000025
0.000025
0.000024
0.000025
0.000025
0.000025
0.000026
0.000025
0.000024
0.000024
0.000024
0.000024
0.000025
0.000025
0.000024
0.000024
0.000025
0.000024
0.000024
0.000024
0.000025
0.000025
0.000025
0.000025
0.000025
0.000025
0.000025
0.000025
0.000025
0.000025
0.000025
0.000024
0.000024
0.000024
0.000024
0.000024
0.000024
0.000024
0.000025
0.000025
0.000025
0.000024
0.000024
0.000024
0.000024
0.000025
0.000025
0.000024
0.000025
0.000025
0.000025
0.000025
0.000025
0.000024
0.000024
0.000025
0.000025
0.000025
0.000025
0.000025
0.000025
0.000025
0.000025
0.000025
0.000025
0.000024
0.000024
0.000024
0.000024
0.000024
0.000024
0.000024
0.000025
0.000025
0.000025
0.000024
0.000024
0.000025
0.000025
0.000025
0.000027
0.000028
0.000027
0.000026
0.000025
0.000025
0.000025
0.000024
0.000024
0.000024
0.000024
0.000024
0.000025
0.000025
0.000025
0.000025
0.000025
0.000025
0.000025
0.000025
0.000025
0.000025
0.000025
0.000025
0.000025
0.000025
0.000031
0.000029
0.000033
0.000028
0.000028
0.000026
0.000025
0.000024
0.000024
0.000024
0.000025
0.000025
0.000026
0.000028
0.000027
0.000025
0.000025
0.000025
0.000025
0.000025
0.000026
0.000026
0.000026
0.000025
0.000025
0.000025
0.000025
0.000025
0.000025
0.000026
0.000025
0.000025
0.000024
0.000024
0.000024
0.000025
0.000025
0.000026
0.000030
0.000025
0.000025
0.000025
0.000025
0.000025
0.000024
0.000024
0.000024
0.000024
0.000024
0.000025
0.000024
0.000025
0.000025
0.000025
0.000024
0.000024
0.000024
0.000024
0.000024
0.000024
0.000025
0.000025
0.000026
0.000026
0.000026
0.000026
0.000026
0.000026
0.000027
0.000026
0.000024
0.000024
0.000024
0.000024
0.000025
0.000024
0.000024
0.000024
0.000024
0.000024
0.000024
0.000024
0.000024
0.000024
0.000024
0.000025
0.000024
0.000024
0.000024
0.000025
0.000024
0.000024
0.000024
0.000025
0.000025
0.000026
0.000026
0.000025
0.000027
0.000027
0.000026
0.000035
0.000061
0.000053
0.000066
0.000029
0.000032
0.000031
0.000030
0.000033
0.000035
0.000030
0.000033
0.000038
0.000050
0.000073
0.000692
0.000104
0.000162
0.000111
0.000039
0.000029
0.000025
0.000024
0.000024
0.000025
0.000025
0.000025
0.000025
0.000025
0.000025
0.000024
0.000024
0.000025
0.000025
0.000024
0.000024
0.000025
0.000024
0.000025
0.000025
0.000026
0.000024
0.000025
0.000025
0.000025
0.000024
0.000025
0.000025
0.000024
0.000024
0.000024
0.000024
0.000024
0.000024
0.000024
0.000025
0.000025
0.000025
0.000025
0.000025
0.000025
0.000025
0.000024
0.000024
0.000024
0.000026
0.000024
0.000025
0.000025
0.000025
0.000024
0.000024
0.000025
0.000025
0.000025
0.000025
0.000025
0.000025
0.000025
0.000033
0.000739
0.000266
0.000054
0.000025
0.000025
0.000025
0.000030
0.000049
0.198350
0.199745
0.199317
0.000281
0.000064
0.000029
0.000026
0.000025
0.000025
0.000027
0.000025
0.000025
0.000025
0.000025
0.000025
0.000025
0.000026
0.000026
0.000027
0.000026
0.000027
0.000025
0.000025
0.000025
0.000025
0.000026
0.000025
0.000025
0.000025
0.000024
0.000024
0.000024
0.000024
0.000024
0.000025
0.000025
0.000025
0.000027
0.000025
0.000025
0.000026
0.000029
0.000036
0.000031
0.000025
0.000025
0.000024
0.000024
0.000024
0.000025
0.000024
0.000024
0.000024
0.000024
0.000024
0.000024
0.000024
0.000024
0.000024
0.000024
0.000024
0.000024
0.000024
0.000024
0.000024
0.000025
0.000025
0.000024
0.000024
0.000024
0.000024
0.000025
0.000027
0.000026
0.000026
0.000024
0.000024
0.000024
0.000024
0.000024
0.000024
0.000024
0.000024
0.000024
0.000024
0.000025
0.000026
0.000026
0.000025
0.000025
0.000025
0.000024
0.000024
0.000024
0.000024
0.000024
0.000025
0.000025
0.000025
0.000024
0.000024
0.000024
0.000024
0.000024
0.000024
0.000024
0.000024
0.000025
0.000024
0.000025
0.000024
0.000025
0.000025
0.000024
0.000024
0.000024
0.000024
0.000024
0.000024
0.000024
0.000024
0.000025
0.000025
0.000024
0.000024
0.000024
0.000025
0.000024
0.000025
0.000025
0.000025
0.000024
0.000024
0.000024
0.000024
0.000024
0.000024
0.000024
0.000025
0.000025
0.000025
0.000025
0.000025
0.000024
0.000024
0.000025
0.000025
0.000025
0.000027
0.000025
0.000025
0.000025
0.000025
0.000025
0.000024
0.000024
0.000024
0.000024
0.000025
0.000025
0.000025
0.000026
0.000025
0.000027
0.000026
0.000025
0.000024
0.000024
0.000024
0.000025
0.000026
0.000026
0.000029
0.000038
0.000028
0.000026
0.000027
0.000024
0.000024
0.000024
0.000025
0.000024
0.000025
0.000025
0.000025
0.000024
0.000024
0.000024
0.000024
0.000025
0.000025
0.000025
0.000026
0.000027
0.000026
0.000026
0.000024
0.000024
0.000024
0.000025
0.000025
0.000026
0.000027
0.000030
0.000050
0.000033
0.000040
0.000032
0.000028
0.000027
0.000025
0.000026
0.000024
0.000024
0.000024
0.000024
0.000025
0.000025
0.000024
0.000024
0.000024
0.000024
0.000024
0.000024
0.000024
0.000024
0.000024
0.000025
0.000025
0.000028
0.000026
0.000025
0.000025
0.000024
0.000024
0.000024
0.000028
0.000026
0.000031
0.000220
0.999285
0.999504
0.999761
0.790591
0.788357
0.838386
0.000026
0.000024
0.000024
0.000024
0.000025
0.000025
0.000042
0.001477
0.069299
0.078485
0.000036
0.000024
0.000025
0.000024
0.000024
0.000025
0.000026
0.000028
0.000031
0.000033
0.000032
0.000097
0.199634
0.399566
0.002168
0.004340
0.000068
0.000027
0.000025
0.000024
0.000024
0.000024
0.000024
0.000024
0.000024
0.000024
0.000024
0.000024
0.000024
0.000024
0.000024
0.000024
0.000024
0.000024
0.000024
0.000024
0.000025
0.000025
0.000027
0.000028
0.000024
0.000024
0.000024
0.000024
0.000025
0.000025
0.000026
0.000027
0.000026
0.000027
0.000025
0.000024
0.000024
0.000024
0.000024
0.000025
0.000025
0.000025
0.000025
0.000025
0.000024
0.000024
0.000025
0.000025
0.000024
0.000025
0.000025
0.000025
0.000024
0.000024
0.000024
0.000025
0.000025
0.000025
0.000024
0.000024
0.000025
0.000024
0.000024
0.000024
0.000025
0.000024
0.000025
0.000025
0.000025
0.000025
0.000025
0.000025
0.000025
0.000025
0.000025
0.000025
0.000025
0.000024
0.000024
0.000025
0.000024
0.000025
0.000025
0.000025
0.000025
0.000025
0.000025
0.000025
0.000024
0.000024
0.000024
0.000024
0.000024
0.000024
0.000024
0.000024
0.000025
0.000025
0.000025
0.000025
0.000026
0.000025
0.000024
0.000025
0.000024
0.000025
0.000024
0.000024
0.000024
0.000025
0.000025
0.000025
0.000025
0.000024
0.000024
0.000025
0.000024
0.000024
0.000024
0.000024
0.000024
0.000025
0.000025
0.000027
0.000026
0.000025
0.000024
0.000024
0.000024
0.000024
0.000026
0.000026
0.000028
0.000026
0.000025
0.000024
0.000024
0.000024
0.000024
0.000024
0.000025
0.000025
0.000030
0.000033
0.000032
0.000120
0.000033
0.000038
0.000029
0.000028
0.000028
0.000025
0.000024
0.000024
0.000024
0.000024
0.000024
0.000024
0.000024
0.000024
0.000024
0.000024
0.000024
0.000024
0.000024
0.000024
0.000025
0.000025
0.000025
0.000024
0.000045
0.000118
0.999480
0.999898
0.999931
0.995989
0.998656
0.436559
0.399001
0.000031
0.000047
0.000244
0.197933
0.000663
0.142827
0.387432
0.342401
0.400569
0.597187
0.005105
0.589739
0.799034
0.999632
0.999908
0.999880
0.997754
0.000241
0.000026
0.000025
0.000025
0.000025
0.000025
0.000025
0.000025
0.000025
0.000025
0.000025
0.000028
0.000026
0.000026
0.000025
0.000024
0.000024
0.000024
0.000024
0.000025
0.000025
0.000025
0.000025
0.000024
0.000024
0.000024
0.000025
0.000025
0.000025
0.000025
0.000024
0.000024
0.000025
0.000026
0.000030
0.000032
0.000026
0.000024
0.000024
0.000024
0.000024
0.000024
0.000024
0.000025
0.000026
0.000025
0.000025
0.000025
0.000025
0.000026
0.000026
0.000024
0.000025
0.000025
0.000025
0.000025
0.000025
0.000025
0.000024
0.000025
0.000024
0.000024
0.000024
0.000024
0.000024
0.000024
0.000024
0.000027
0.000027
0.000028
0.000031
0.000028
0.000024
0.000024
0.000024
0.000024
0.000024
0.000024
0.000024
0.000025
0.000031
0.000066
0.000073
0.000212
0.196240
0.183817
0.399642
0.883405
0.782241
0.111485
0.000216
0.000159
0.005293
0.997755
0.000409
0.000092
0.000035
0.000025
0.000024
0.000024
0.000024
0.000025
0.000024
0.000024
0.000024
0.000024
0.000024
0.000024
0.000024
0.000025
0.000025
0.000028
0.000033
0.000044
0.000034
0.000029
0.000025
0.000025
0.002324
0.000237
0.000033
0.000030
0.000025
0.000024
0.000024
0.000024
0.000024
0.000025
0.000039
0.000032
0.000045
0.000028
0.000027
0.000036
0.000040
0.000032
0.000026
0.000027
0.000026
0.000026
0.000028
0.000027
0.000025
0.000025
0.000026
0.000025
0.000026
0.000032
0.000041
0.000155
0.200074
0.795388
0.995380
0.800643
0.991991
0.613155
0.944017
0.984481
0.999887
0.999382
0.999867
0.999873
0.999909
0.999924
0.999949
0.999774
0.998009
0.000664
0.000194
0.147673
0.007727
0.000142
0.000248
0.004167
0.199076
0.209418
0.787416
0.810653
0.999480
0.384312
0.000137
0.000036
0.000028
0.000025
0.000025
0.000025
0.000026
0.000026
0.000029
0.000032
0.000028
0.000031
0.000026
0.000025
0.000025
0.000026
0.000024
0.000026
0.000027
0.000025
0.000025
0.000025
0.000025
0.000027
0.000024
0.000025
0.000025
0.000026
0.000027
0.000029
0.000025
0.000025
0.000025
0.000026
0.000026
0.000025
0.000025
0.000026
0.000025
0.000025
0.000025
0.000024
0.000025
0.000025
0.000027
0.000027
0.000027
0.000025
0.000025
0.000026
0.000025
0.000025
0.000024
0.000024
0.000024
0.000024
0.000024
0.000024
0.000025
0.000026
0.000025
0.000024
0.000024
0.000024
0.000025
0.000025
0.000025
0.000026
0.000028
0.000026
0.000025
0.000025
0.000025
0.000024
0.000025
0.000025
0.000025
0.000025
0.000025
0.000025
0.000024
0.000024
0.000024
0.000024
0.000024
0.000024
0.000024
0.000024
0.000024
0.000024
0.000024
0.000026
0.000029
0.000030
0.000027
0.000025
0.000024
0.000024
0.000024
0.000025
0.000027
0.000030
0.000056
0.000028
0.000026
0.000024
0.000024
0.000024
0.000025
0.000025
0.000025
0.000025
0.000025
0.000026
0.000024
0.000024
0.000027
0.000028
0.000036
0.000027
0.000036
0.000027
0.000024
0.000025
0.000025
0.000024
0.000025
0.000027
0.000025
0.000025
0.000024
0.000025
0.000025
0.000024
0.000024
0.000024
0.000024
0.000024
0.000026
0.000026
0.000028
0.000029
0.000035
0.000037
0.000027
0.000045
0.000038
0.000091
0.000065
0.000132
0.001121
0.000130
0.000034
0.000029
0.000026
0.000024
0.000024
0.000025
0.000025
0.000025
0.000025
0.000026
0.000025
0.000028
0.000029
0.000027
0.000025
0.000025
0.000025
0.000027
0.000035
0.000064
0.000041
0.000028
0.000025
0.000024
0.000025
0.000025
0.000025
0.000025
0.000025
0.000024
0.000052
0.000210
0.998113
0.999724
0.999903
0.999874
0.356079
0.287691
0.995149
0.000044
0.000032
0.210599
0.999001
0.999574
0.999938
0.999941
0.999867
0.999896
0.999866
0.000028
0.000025
0.000024
0.000024
0.000024
0.000024
0.000024
0.000025
0.000025
0.000025
0.000025
0.000025
0.000024
0.000024
0.000024
0.000024
0.000024
0.000024
0.000024
0.000024
0.000024
0.000025
0.000026
0.000026
0.000025
0.000025
0.000025
0.000026
0.000027
0.000025
0.000024
0.000024
0.000024
0.000025
0.000039
0.000040
0.000024
0.000024
0.000024
0.000025
0.000025
0.000025
0.000025
0.000025
0.000024
0.000024
0.000024
0.000025
0.000026
0.000024
0.000024
0.000024
0.000024
0.000024
0.000024
0.000024
0.000024
0.000026
0.000085
0.600288
0.949154
0.998518
0.995833
0.791146
0.999591
0.999874
0.999953
0.999939
0.999883
0.999630
0.999060
0.797274
0.999750
0.999917
0.999942
0.999956
0.999897
0.999869
0.999851
0.999701
0.800207
0.204733
0.000032
0.000024
0.000024
0.000024
0.000024
0.000024
0.000025
0.000024
0.000025
0.000024
0.000024
0.000024
0.000024
0.000024
0.000024
0.000025
0.000025
0.000024
0.000027
0.000026
0.000027
0.000027
0.000028
0.000027
0.000028
0.000025
0.000025
0.000025
0.000024
0.000024
0.000024
0.000024
0.000024
0.000024
0.000024
0.000025
0.000025
0.000024
0.000025
0.000025
0.000025
0.000025
0.000025
0.000025
0.000024
0.000024
0.000024
0.000025
0.000025
0.000025
0.000025
0.000025
0.000024
0.000025
0.000024
0.000025
0.000025
0.000025
0.000024
0.000024
0.000024
0.000024
0.000025
0.000025
0.000025
0.000025
0.000024
0.000024
0.000024
0.000024
0.000024
0.000025
0.000025
0.000026
0.000027
0.000028
0.000026
0.000025
0.000025
0.000025
0.000025
0.000025
0.000025
0.000025
0.000024
0.000024
0.000024
0.000024
0.000025
0.000025
0.000025
0.000025
0.000025
0.000025
0.000028
0.000026
0.000024
0.000024
0.000024
0.000024
0.000025
0.000024
0.000024
0.000024
0.000024
0.000025
0.000024
0.000024
0.000024
0.000024
0.000024
0.000024
0.000024
0.000024
0.000024
0.000024
0.000024
0.000024
0.000024
0.000024
0.000025
0.000026
0.000027
0.159223
0.000112
0.000049
0.000025
0.000025
0.000025
0.000025
0.000025
0.000026
0.000030
0.000026
0.000025
0.000025
0.000024
0.000024
0.000024
0.000025
0.000025
0.000027
0.000120
0.606124
0.999876
0.999951
0.999963
0.999967
0.999960
0.999933
0.999295
0.999724
0.999703
0.635291
0.799193
0.193293
0.883858
0.996455
0.997994
0.999600
0.999796
0.997684
0.997236
0.999501
0.999742
0.601003
0.000118
0.000038
0.000026
0.000024
0.000024
0.000024
0.000024
0.000025
0.000024
0.000024
0.000024
0.000024
0.000025
0.000024
0.000025
0.000052
0.000048
0.000035
0.000037
0.000025
0.000025
0.000024
0.000024
0.000024
0.000024
0.000024
0.000024
0.000024
0.000024
0.000024
0.000024
0.000024
0.000024
0.000024
0.000024
0.000024
0.000024
0.000024
0.000024
0.000024
0.000024
0.000024
0.000024
0.000025
0.000025
0.000024
0.000024
0.000024
0.000024
0.000024
0.000025
0.000024
0.000024
0.000025
0.000024
0.000025
0.000025
0.000024
0.000024
0.000024
0.000024
0.000024
0.000025
0.000027
0.000026
0.000032
0.000026
0.000030
0.000029
0.000025
0.000026
0.000025
0.000025
0.000025
0.000024
0.000024
0.000024
0.000025
0.000025
0.000024
0.000024
0.000024
0.000024
0.000024
0.000024
0.000025
0.000025
0.000024
0.000024
0.000024
0.000024
0.000024
0.000024
0.000024
0.000024
0.000024
0.000025
0.000026
0.000026
0.000027
0.000025
0.000024
0.000024
0.000024
0.000024
0.000024
0.000027
0.000025
0.000025
0.000024
0.000024
0.000024
0.000024
0.000024
0.000024
0.000025
0.000026
0.000026
0.000025
0.000024
0.000024
0.000024
0.000024
0.000024
0.000024
0.000025
0.000024
0.000025
0.000032
0.000034
0.000034
0.000029
0.000030
0.000025
0.000025
0.000025
0.000025
0.000024
0.000024
0.000024
0.000024
0.000026
0.000035
0.000124
0.000050
0.000051
0.000027
0.000026
0.000025
0.000027
0.000026
0.000028
0.000032
0.000030
0.000030
0.000038
0.000032
0.000029
0.000031
0.000025
0.000025
0.000024
0.000024
0.000024
0.000024
0.000025
0.000025
0.000025
0.000025
0.000027
0.000025
0.000025
0.000025
0.000025
0.000025
0.000027
0.000028
0.000028
0.000027
0.000026
0.000025
0.000025
0.000025
0.000027
0.000025
0.000025
0.000025
0.000026
0.000025
0.000026
0.000026
0.000025
0.000025
0.000026
0.000025
0.000026
0.000027
0.000025
0.000025
0.000025
0.000026
0.000025
0.000025
0.000025
0.000025
0.000025
0.000025
0.000025
0.000025
0.000033
0.199557
0.399763
0.199904
0.200104
0.198615
0.000198
0.000144
0.000030
0.000027
0.000025
0.000024
0.000024
0.000025
0.000030
0.000041
0.000420
0.000056
0.000476
0.000028
0.000027
0.000030
0.000027
0.000025
0.618807
0.402483
0.669458
0.778210
0.970811
0.000056
0.000027
0.000025
0.000024
0.000025
0.000028
0.000028
0.000045
0.000025
0.000024
0.000024
0.000024
0.000024
0.000030
0.000095
0.266419
0.999259
0.797366
0.999758
0.999777
0.587070
0.249452
0.999225
0.999803
0.999881
0.999892
0.999736
0.999505
0.587821
0.397783
0.000475
0.405458
0.000160
0.000052
0.000027
0.000025
0.000025
0.000034
0.000027
0.000026
0.000026
0.000025
0.000025
0.000024
0.000024
0.000025
0.000025
0.000025
0.000025
0.000024
0.000024
0.000024
0.000024
0.000024
0.000024
0.000025
0.000024
0.000024
0.000024
0.000025
0.000025
0.000027
0.000039
0.000061
0.000044
0.000060
0.000140
0.198287
0.199710
0.107257
0.199342
0.154866
0.988380
0.999750
0.999935
0.999899
0.999864
0.005201
0.000035
0.000024
0.000025
0.000025
0.000024
0.000024
0.000025
0.000025
0.000025
0.000025
0.000025
0.000025
0.000025
0.000025
0.000024
0.000024
0.000024
0.000024
0.000024
0.000024
0.000024
0.000024
0.000024
0.000024
0.000024
0.000024
0.000024
0.000024
0.000025
0.000024
0.000024
0.000025
0.000025
0.000028
0.000024
0.000024
0.000024
0.000024
0.000024
0.000024
0.000024
0.000024
0.000024
0.000024
0.000024
0.000024
0.000024
0.000025
0.000025
0.000026
0.000025
0.000024
0.000024
0.000024
0.000024
0.000025
0.000025
0.000025
0.000030
0.000029
0.000031
0.000031
0.000025
0.000024
0.000024
0.000024
0.000024
0.000025
0.000026
0.000027
0.000025
0.000025
0.000024
0.000024
0.000024
0.000025
0.000024
0.000024
0.000024
0.000024
0.000024
0.000025
0.000028
0.000024
0.000024
0.000024
0.000024
0.000024
0.000024
0.000025
0.000024
0.000024
0.000024
0.000024
0.000024
0.000024
0.000024
0.000024
0.000024
0.000025
0.000025
0.000028
0.000045
0.000047
0.998559
0.999753
0.999968
0.999970
0.999969
0.999948
0.999952
0.999304
0.633333
0.398212
0.996501
0.999342
0.999880
0.999931
0.999523
0.999056
0.999883
0.999898
0.999925
0.999960
0.999954
0.999949
0.999055
0.001507
0.001095
0.000050
0.000188
0.000039
0.000025
0.000026
0.000025
0.000025
0.000025
0.000025
0.000026
0.000025
0.000025
0.000024
0.000024
0.000024
0.000024
0.000024
0.000024
0.000024
0.000024
0.000024
0.000024
0.000024
0.000024
0.000024
0.000024
0.000024
0.000024
0.000024
0.000025
0.000025
0.000025
0.000025
0.000025
0.000025
0.000026
0.000026
0.000025
0.000024
0.000024
0.000024
0.000024
0.000024
0.000024
0.000024
0.000024
0.000024
0.000024
0.000025
0.000025
0.000025
0.000025
0.000026
0.000026
0.000025
0.000024
0.000025
0.000025
0.000025
0.000027
0.000028
0.000026
0.000025
0.000025
0.000024
0.000024
0.000025
0.000024
0.000024
0.000024
0.000024
0.000024
0.000024
0.000024
0.000024
0.000026
0.000025
0.000025
0.000025
0.000026
0.000025
0.000025
0.000026
0.000025
0.000025
0.000025
0.000025
0.000025
0.000029
0.000027
0.000025
0.000025
0.000025
0.000025
0.000024
0.000024
0.000025
0.000024
0.000024
0.000024
0.000024
0.000024
0.000024
0.000026
0.000028
0.000027
0.000026
0.000025
0.000025
0.000025
0.000025
0.000026
0.000025
0.000025
0.000024
0.000026
0.000025
0.000029
0.000030
0.000027
0.000025
0.000024
0.000024
0.000024
0.000025
0.000025
0.000025
0.000025
0.000024
0.000024
0.000024
0.000024
0.000024
0.000024
0.000024
0.000025
0.000025
0.000026
0.000026
0.000025
0.000024
0.000024
0.000025
0.000026
0.000027
0.000025
0.000026
0.000025
0.000026
0.000024
0.000024
0.000024
0.000024
0.000024
0.000024
0.000024
0.000024
0.000024
0.000024
0.000024
0.000024
0.000024
0.000024
0.000024
0.000024
0.000025
0.000025
0.000026
0.000025
0.000026
0.000025
0.000024
0.000024
0.000024
0.000025
0.000025
0.000025
0.000024
0.000024
0.000024
0.000024
0.000025
0.000024
0.000024
0.000024
0.000024
0.000024
0.000024
0.000024
0.000025
0.000024
0.000024
0.000024
0.000024
0.000024
0.000024
0.000024
0.000024
0.000025
0.000025
0.000024
0.000025
0.000025
0.000025
0.000025
0.000024
0.000024
0.000024
0.000024
0.000024
0.000024
0.000025
0.000025
0.000025
0.000024
0.000024
0.000024
0.000024
0.000025
0.000025
0.000025
0.000025
0.000024
0.000025
0.000024
0.000024
0.000024
0.000024
0.000024
0.000024
0.000025
0.000026
0.000025
0.000025
0.000024
0.000025
0.000030
0.000026
0.000027
0.000027
0.000025
0.000025
0.000025
0.000025
0.000026
0.000026
0.000025
0.000024
0.000024
0.000025
0.000024
0.000024
0.000024
0.000024
0.000024
0.000024
0.000024
0.000024
0.000024
0.000025
0.000025
0.000025
0.000024
0.000024
0.000025
0.000028
0.000035
0.000027
0.000026
0.000024
0.000024
0.000024
0.000025
0.000026
0.000026
0.000025
0.000024
0.000025
0.000025
0.000025
0.000025
0.000024
0.000024
0.000024
0.000025
0.000025
0.000028
0.000028
0.000026
0.000024
0.000024
0.000024
0.000024
0.000024
0.000024
0.000024
0.000024
0.000024
0.000024
0.000024
0.000024
0.000024
0.000024
0.000024
0.000025
0.000025
0.000024
0.000024
0.000024
0.000025
0.000025
0.000033
0.000029
0.000027
0.000026
0.000026
0.000026
0.000025
0.000026
0.000028
0.000027
0.000026
0.000025
0.000025
0.000024
0.000025
0.000025
0.000025
0.000024
0.000024
0.000024
0.000024
0.000024
0.000024
0.000025
0.000024
0.000024
0.000026
0.000028
0.000027
0.000025
0.000025
0.000025
0.000024
0.000025
0.000025
0.000025
0.000024
0.000024
0.000024
0.000024
0.000024
0.000025
0.000025
0.000025
0.000025
0.000025
0.000025
0.000025
0.000025
0.000025
0.000025
0.000025
0.000025
0.000024
0.000024
0.000025
0.000027
0.000028
0.000032
0.000033
0.000046
0.000029
0.000028
0.000024
0.000024
0.000024
0.000024
0.000024
0.000024
0.000024
0.000024
0.000024
0.000025
0.000024
0.000024
0.000025
0.000025
0.000025
0.000024
0.000024
0.000024
0.000024
0.000024
0.000024
0.000024
0.000024
0.000024
0.000024
0.000025
0.000024
0.000024
0.000025
0.000025
0.000027
0.000026
0.000025
0.000024
0.000024
0.000025
0.000025
0.000024
0.000025
0.000024
0.000024
0.000024
0.000041
0.997495
0.999580
0.999625
0.919892
0.608732
0.400581
0.571376
0.597300
0.798347
0.205561
0.398455
0.799551
0.799693
0.631791
0.817881
0.006666
0.000029
0.000028
0.000027
0.000025
0.000024
0.000025
0.000024
0.000025
0.000025
0.000025
0.000025
0.000025
0.000025
0.000025
0.000025
0.000024
0.000024
0.000029
0.000034
0.000040
0.000043
0.000096
0.000071
0.000028
0.000025
0.000024
0.000024
0.000025
0.000029
0.000033
0.000031
0.000025
0.000025
0.000026
0.000029
0.000171
0.412554
0.999865
0.999945
0.999919
0.999733
0.988590
0.500455
0.999893
0.999831
0.999949
0.999933
0.999881
0.998397
0.999488
0.999109
0.582713
0.000034
0.000025
0.000024
0.000024
0.000024
0.000024
0.000025
0.000025
0.000025
0.000024
0.000024
0.000024
0.000024
0.000024
0.000025
0.000027
0.000027
0.000027
0.000028
0.000025
0.000024
0.000024
0.000024
0.000025
0.000025
0.000025
0.000024
0.000024
0.000025
0.000024
0.000026
0.000025
0.000024
0.000024
0.000024
0.000024
0.000024
0.000027
0.000025
0.000025
0.000024
0.000024
0.000024
0.000024
0.000024
0.000024
0.000024
0.000024
0.000024
0.000024
0.000024
0.000024
0.000024
0.000024
0.000024
0.000024
0.000024
0.000024
0.000024
0.000024
0.000025
0.000025
0.000026
0.000025
0.000025
0.000024
0.000024
0.000024
0.000024
0.000024
0.000024
0.000024
0.000024
0.000024
0.000024
0.000024
0.000024
0.000024
0.000024
0.000024
0.000024
0.000024
0.000024
0.000024
0.000025
0.000025
0.000046
0.000072
0.001326
0.000270
0.000269
0.000048
0.000030
0.000026
0.000024
0.000025
0.000025
0.000026
0.000025
0.000024
0.000024
0.000025
0.000027
0.000030
0.000045
0.000032
0.000026
0.000025
0.000024
0.000024
0.000025
0.000025
0.000027
0.000028
0.000029
0.000028
0.000026
0.000025
0.000025
0.000025
0.000026
0.000028
0.000025
0.000025
0.000025
0.000026
0.000026
0.000026
0.000029
0.000029
0.000038
0.000193
0.200125
0.002011
0.000185
0.000030
0.000026
0.000026
0.000027
0.000029
0.000029
0.000025
0.000025
0.000024
0.000024
0.000025
0.000027
0.000037
0.000274
0.000161
0.000027
0.000026
0.000024
0.000025
0.000026
0.000028
0.000027
0.000030
0.000027
0.000026
0.000025
0.000024
0.000024
0.000024
0.000025
0.000026
0.000042
0.000038
0.000039
0.000027
0.000024
0.000025
0.197611
0.588029
0.820968
0.999907
0.999951
0.999931
0.998994
0.996397
0.199893
0.199812
0.163164
0.198939
0.000057
0.198611
0.000095
0.000063
0.000058
0.000031
0.000025
0.000025
0.000025
0.000025
0.000026
0.000025
0.000025
0.000024
0.000025
0.000026
0.000025
0.000025
0.000028
0.000029
0.000031
0.000034
0.000034
0.000032
0.000036
0.000037
0.000030
0.000027
0.000026
0.000028
0.000027
0.000029
0.000036
0.000027
0.000024
0.000024
0.000024
0.000024
0.000025
0.000025
0.000025
0.000025
0.000025
0.000024
0.000024
0.000025
0.000025
0.000025
0.000025
0.000025
0.000026
0.000026
0.000026
0.000029
0.000051
0.002875
0.000643
0.799816
0.884462
0.990842
0.800266
0.981407
0.601345
0.587463
0.798923
0.403312
0.000878
0.000037
0.000032
0.000039
0.000121
0.000145
0.000103
0.000098
0.000035
0.000026
0.000025
0.000024
0.000024
0.000024
0.000024
0.000024
0.000024
0.000024
0.000024
0.000024
0.000024
0.000025
0.000024
0.000024
0.000024
0.000024
0.000024
0.000026
0.000025
0.000024
0.000024
0.000024
0.000025
0.000024
0.000025
0.000025
0.000025
0.000024
0.000025
0.000025
0.000025
0.000026
0.000025
0.000026
0.000031
0.199955
0.000128
0.000119
0.200963
0.199742
0.383850
0.393775
0.599738
0.998375
0.999927
0.999871
0.999933
0.999881
0.998253
0.801167
0.999797
0.998829
0.824395
0.208472
0.199504
0.000045
0.000037
0.000055
0.000295
0.197770
0.196975
0.998198
0.999718
0.997402
0.202762
0.000038
0.000024
0.000024
0.000024
0.000024
0.000025
0.000025
0.000025
0.000025
0.000025
0.000025
0.000025
0.000025
0.000025
0.000025
0.000025
0.000025
0.000025
0.000363
0.199052
0.399293
0.379130
0.571287
0.442630
0.999029
0.999780
0.999889
0.998783
0.973766
0.000335
0.000247
0.000091
0.003276
0.000058
0.398575
0.598225
0.200077
0.000760
0.000053
0.000030
0.000027
0.000024
0.000025
0.000024
0.000024
0.000024
0.000024
0.000024
0.000025
0.000025
0.000025
0.000025
0.000026
0.000027
0.000033
0.000028
0.000027
0.000027
0.000027
0.000025
0.000025
0.000025
0.000025
0.000026
0.000026
0.000026
0.000028
0.000028
0.000026
0.000025
0.000027
0.000031
0.000035
0.000025
0.000025
0.000025
0.000025
0.000025
0.000025
0.000024
0.000025
0.000025
0.000025
0.000025
0.000026
0.000026
0.000026
0.000025
0.000025
0.000026
0.000025
0.000025
0.000025
0.000032
0.000026
0.000025
0.000025
0.000026
0.000025
0.000025
0.000026
0.000024
0.000024
0.000025
0.000025
0.000025
0.000025
0.000025
0.000025
0.000025
0.000025
0.000025
0.000024
0.000024
0.000025
0.000025
0.000026
0.000024
0.000025
0.000025
0.000025
0.000025
0.000025
0.000024
0.000024
0.000024
0.000024
0.000024
0.000025
0.000025
0.000024
0.000024
0.000024
0.000024
0.000024
0.000024
0.000024
0.000024
0.000024
0.000024
0.000024
0.000024
0.000025
0.000024
0.000025
0.000025
0.000024
0.000024
0.000024
0.000024
0.000024
0.000025
0.000025
0.000025
0.000025
0.000027
0.000030
0.000031
0.000032
0.000029
0.000028
0.000028
0.000028
0.000028
0.000031
0.000040
0.000030
0.000027
0.000025
0.000025
0.000025
0.000026
0.000027
0.000027
0.000029
0.000026
0.000026
0.000027
0.000030
0.000035
0.000036
0.000040
0.000039
0.000032
0.000028
0.000028
0.000027
0.000025
0.000026
0.000025
0.000026
0.000025
0.000027
0.000027
0.000025
0.000026
0.000025
0.000025
0.000025
0.000025
0.000024
0.000024
0.000024
0.000024
0.000024
0.000024
0.000024
0.000024
0.000024
0.000024
0.000024
0.000024
0.000024
0.000025
0.000025
0.000024
0.000024
0.000024
0.000024
0.000024
0.000025
0.000024
0.000025
0.000026
0.000025
0.000025
0.000025
0.000025
0.000025
0.000025
0.000025
0.000025
0.000025
0.000027
0.000026
0.000025
0.000026
0.000027
0.000029
0.000028
0.000026
0.000025
0.000025
0.000024
0.000024
0.000024
0.000024
0.000024
0.000025
0.000024
0.000024
0.000024
0.000024
0.000024
0.000024
0.000024
0.000024
0.000024
0.000025
0.000024
0.000025
0.000025
0.000025
0.000025
0.000024
0.000024
0.000025
0.000025
0.000025
0.000025
0.000024
0.000024
0.000025
0.000024
0.000024
0.000024
0.000024
0.000024
0.000024
0.000024
0.000024
0.000024
0.000024
0.000024
0.000024
0.000024
0.000024
0.000024
0.000024
0.000025
0.000026
0.000028
0.000026
0.000029
0.000034
0.000033
0.000028
0.000047
0.000029
0.000025
0.000025
0.000025
0.000024
0.000025
0.000024
0.000024
0.000024
0.000024
0.000024
0.000024
0.000024
0.000024
0.000024
0.000025
0.000025
0.000025
0.000024
0.000024
0.000024
0.000025
0.000024
0.000026
0.000026
0.000025
0.000025
0.000025
0.000025
0.000024
0.000024
0.000024
0.000024
0.000024
0.000024
0.000025
0.000025
0.798433
0.999580
0.999891
0.999917
0.999868
0.999608
0.999535
0.999934
0.999935
0.999914
0.999906
0.999920
0.999936
0.459893
0.999834
0.999798
0.999614
0.999653
0.994952
0.000051
0.000024
0.000024
0.000025
0.000025
0.000024
0.000025
0.000025
0.000024
0.000024
0.000024
0.000024
0.000024
0.000025
0.000025
0.000025
0.000028
0.000026
0.000045
0.000394
0.000430
0.000624
0.000065
0.000027
0.000025
0.000025
0.000050
0.000054
0.000064
0.000808
0.197867
0.000103
0.000037
0.000027
0.000025
0.000026
0.000024
0.000024
0.000024
0.000025
0.000024
0.000025
0.000025
0.000025
0.000024
0.000025
0.000024
0.000024
0.000024
0.000024
0.000025
0.000025
0.000025
0.000024
0.000025
0.000024
0.000025
0.000025
0.000025
0.000024
0.000024
0.000025
0.000025
0.000025
0.000024
0.000024
0.000024
0.000024
0.000024
0.000024
0.000025
0.000025
0.000027
0.000027
0.000025
0.000024
0.000025
0.000024
0.000024
0.000024
0.000024
0.000024
0.000024
0.000024
0.000025
0.000024
0.000024
0.000024
0.000024
0.000024
0.000024
0.000024
0.000024
0.000025
0.000025
0.000025
0.000024
0.000025
0.000025
0.000024
0.000024
0.000024
0.000024
0.000024
0.000025
0.000025
0.000024
0.000025
0.000024
0.000025
0.000028
0.000026
0.000025
0.000025
0.000025
0.000024
0.000024
0.000024
0.000024
0.000024
0.000024
0.000029
0.000026
0.000027
0.000025
0.000024
0.000024
0.000025
0.000025
0.000025
0.000025
0.000025
0.000025
0.000025
0.000025
0.000026
0.000026
0.000026
0.000025
0.000025
0.000025
0.000025
0.000025
0.000025
0.000025
0.000024
0.000024
0.000024
0.000025
0.000025
0.000025
0.000025
0.000025
0.000025
0.000025
0.000025
0.000025
0.000025
0.000025
0.000024
0.000024
0.000025
0.000024
0.000024
0.000025
0.000027
0.000027
0.000035
0.400060
0.799191
0.999724
0.999920
0.999968
0.999966
0.999950
0.999960
0.999961
0.999888
0.999922
0.999587
0.999932
0.999960
0.999926
0.999616
0.892306
0.594567
0.000032
0.000028
0.000027
0.000027
0.000025
0.000027
0.000028
0.000032
0.000025
0.000026
0.000025
0.000026
0.000025
0.000026
0.000025
0.000024
0.000024
0.000024
0.000025
0.000026
0.000025
0.000025
0.000025
0.000024
0.000024
0.000025
0.000025
0.000025
0.000025
0.000025
0.000025
0.000025
0.000024
0.000025
0.000025
0.000024
0.000025
0.000025
0.000025
0.000025
0.000025
0.000024
0.000025
0.000025
0.000025
0.000025
0.000024
0.000024
0.000025
0.000024
0.000024
0.000025
0.000024
0.000024
0.000024
0.000024
0.000024
0.000025
0.000025
0.000025
0.000026
0.000027
0.000030
0.000027
0.000027
0.000025
0.000025
0.000025
0.000024
0.000024
0.000024
0.000025
0.000024
0.000024
0.000025
0.000024
0.000024
0.000024
0.000024
0.000024
0.000024
0.000024
0.000024
0.000024
0.000024
0.000024
0.000024
0.000024
0.000024
0.000024
0.000024
0.000024
0.000025
0.000024
0.000024
0.000025
0.000025
0.000025
0.000025
0.000025
0.000026
0.000027
0.000027
0.000025
0.000025
0.000024
0.000025
0.000025
0.000024
0.000025
0.000024
0.000024
0.000025
0.000025
0.000024
0.000024
0.000024
0.000025
0.000025
0.000025
0.000024
0.000024
0.000025
0.000024
0.000025
0.000025
0.000025
0.000025
0.000027
0.000025
0.000025
0.000027
0.000026
0.000026
0.000026
0.000025
0.000025
0.000025
0.000024
0.000024
0.000024
0.000024
0.000024
0.000024
0.000024
0.000024
0.000024
0.000024
0.000024
0.000024
0.000024
0.000024
0.000024
0.000025
0.000025
0.000024
0.000024
0.000024
0.000024
0.000025
0.000024
0.000024
0.000024
0.000024
0.000024
0.000024
0.000024
0.000024
0.000024
0.000024
0.000024
0.000025
0.000024
0.000024
0.000024
0.000024
0.000024
0.000024
0.000024
0.000024
0.000024
0.000025
0.000025
0.000025
0.000024
0.000024
0.000024
0.000024
0.000024
0.000024
0.000024
0.000024
0.000024
0.000024
0.000024
0.000024
0.000024
0.000024
0.000024
0.000024
0.000024
0.000024
0.000024
0.000024
0.000024
0.000025
0.000024
0.000024
0.000024
0.000024
0.000024
0.000024
0.000024
0.000024
0.000024
0.000024
0.000024
0.000024
0.000024
0.000024
0.000024
0.000024
0.000024
0.000024
0.000024
0.000024
0.000024
0.000024
0.000025
0.000031
0.195292
0.210222
0.048967
0.197578
0.004030
0.199624
0.199826
0.201764
0.446104
0.790609
0.399813
0.198846
0.199303
0.000058
0.000058
0.000027
0.000026
0.000025
0.000025
0.000024
0.000024
0.000024
0.000025
0.000024
0.000024
0.000024
0.000024
0.000024
0.000025
0.000025
0.000025
0.000028
0.000033
0.001094
0.800117
0.999588
0.798572
0.000113
0.000059
0.000030
0.000026
0.000027
0.000027
0.000025
0.000025
0.000025
0.000025
0.000025
0.000025
0.000024
0.000024
0.000024
0.000025
0.000026
0.000026
0.000025
0.000024
0.000024
0.000025
0.000026
0.000026
0.000025
0.000025
0.000024
0.000025
0.000025
0.000025
0.000025
0.000025
0.000025
0.000025
0.000025
0.000024
0.000024
0.000024
0.000024
0.000025
0.000024
0.000025
0.000026
0.000025
0.000025
0.000024
0.000024
0.000024
0.000024
0.000024
0.000024
0.000025
0.000024
0.000026
0.000026
0.000026
0.000026
0.000025
0.000025
0.000025
0.000025
0.000025
0.000024
0.000024
0.000024
0.000024
0.000024
0.000024
0.000025
0.000026
0.000025
0.000025
0.000025
0.000024
0.000024
0.000024
0.000024
0.000024
0.000024
0.000024
0.000024
0.000024
0.000024
0.000025
0.000025
0.000024
0.000024
0.000024
0.000024
0.000024
0.000025
0.000025
0.000025
0.000026
0.000025
0.000025
0.000025
0.000024
0.000024
0.000024
0.000024
0.000024
0.000024
0.000024
0.000025
0.000024
0.000025
0.000025
0.000024
0.000025
0.000025
0.000025
0.000025
0.000027
0.000025
0.000025
0.000026
0.000026
0.000026
0.000025
0.000027
0.000029
0.000030
0.000025
0.000024
0.000025
0.000024
0.000024
0.000025
0.000024
0.000024
0.000025
0.000025
0.000024
0.000025
0.000024
0.000024
0.000024
0.000024
0.000024
0.000024
0.000024
0.000026
0.000025
0.000024
0.000026
0.000025
0.000025
0.000025
0.000025
0.000025
0.000025
0.000025
0.000025
0.000027
0.000042
0.000026
0.000025
0.000024
0.000025
0.000025
0.000025
0.000025
0.000025
0.000025
0.000026
0.000027
0.000026
0.000025
0.000025
0.000024
0.000025
0.000026
0.000028
0.000027
0.000028
0.000028
0.000026
0.000025
0.000025
0.000025
0.000025
0.000024
0.000025
0.000025
0.000024
0.000024
0.000024
0.000025
0.000025
0.000026
0.000029
0.000028
0.000025
0.000025
0.000024
0.000024
0.000025
0.000024
0.000025
0.000025
0.000025
0.000024
0.000024
0.000024
0.000025
0.000025
0.000024
0.000025
0.000025
0.000025
0.000025
0.000025
0.000025
0.000025
0.000025
0.000024
0.000025
0.000025
0.000024
0.000025
0.000025
0.000025
0.000026
0.000026
0.000025
0.000025
0.000024
0.000024
0.000025
0.000025
0.000026
0.000026
0.000025
0.000025
0.000024
0.000024
0.000024
0.000024
0.000024
0.000025
0.000025
0.000025
0.000025
0.000025
0.000027
0.000026
0.000026
0.000025
0.000024
0.000025
0.000024
0.000024
0.000025
0.000025
0.000025
0.000025
0.000026
0.000025
0.000025
0.000025
0.000026
0.000025
0.000026
0.000025
0.000025
0.000024
0.000024
0.000025
0.000025
0.000025
0.000025
0.000025
0.000025
0.000024
0.000025
0.000025
0.000025
0.000025
0.000025
0.000025
0.000025
0.000025
0.000024
0.000025
0.000025
0.000025
0.000025
0.000025
0.000024
0.000024
0.000024
0.000024
0.000024
0.000024
0.000024
0.000024
0.000024
0.000024
0.000024
0.000024
0.000025
0.000025
0.000025
0.000025
0.000024
0.000024
0.000025
0.000025
0.000025
0.000025
0.000025
0.000026
0.000025
0.000025
0.000025
0.000024
0.000024
0.000025
0.000025
0.000025
0.000026
0.000025
0.000025
0.000024
0.000024
0.000024
0.000024
0.000024
0.000024
0.000024
0.000024
0.000024
0.000024
0.000025
0.000025
0.000025
0.000025
0.000028
0.000055
0.999395
0.999927
0.999951
0.999799
0.002575
0.000095
0.000032
0.000027
0.000028
0.000028
0.000034
0.222831
0.998992
0.998499
0.999501
0.790560
0.000081
0.000083
0.000030
0.000030
0.000025
0.000024
0.000024
0.000024
0.000024
0.000025
0.000024
0.000024
0.000024
0.000024
0.000024
0.000025
0.000025
0.000024
0.000024
0.000024
0.000024
0.000024
0.000024
0.000024
0.000024
0.000024
0.000024
0.000024
0.000024
0.000025
0.000025
0.000025
0.000042
0.000099
0.008687
0.000282
0.000029
0.000032
0.000028
0.000024
0.000024
0.000025
0.000027
0.000029
0.000029
0.000028
0.000026
0.000027
0.000025
0.000025
0.000025
0.000025
0.000025
0.000024
0.000024
0.000024
0.000024
0.000024
0.000024
0.000024
0.000024
0.000024
0.000024
0.000026
0.000036
0.999318
0.999944
0.999870
0.999927
0.999936
0.999954
0.999926
0.999535
0.999893
0.999910
0.999953
0.999902
0.400160
0.438776
0.004552
0.178794
0.001250
0.769868
0.200111
0.000028
0.000024
0.000024
0.000024
0.000024
0.000024
0.000024
0.000024
0.000024
0.000024
0.000024
0.000024
0.000024
0.000024
0.000024
0.000024
0.000024
0.000024
0.000024
0.000024
0.000024
0.000024
0.000024
0.000024
0.000024
0.000025
0.000026
0.000028
0.000029
0.000027
0.000026
0.000025
0.000025
0.000025
0.000025
0.000025
0.000025
0.000025
0.000024
0.000024
0.000025
0.000025
0.000025
0.000025
0.000025
0.000025
0.000025
0.000025
0.000025
0.000025
0.000024
0.000024
0.000024
0.000025
0.000026
0.000025
0.000025
0.000026
0.000025
0.000024
0.000025
0.000025
0.000026
0.000025
0.000025
0.000024
0.000024
0.000024
0.000024
0.000024
0.000024
0.000024
0.000024
0.000024
0.000024
0.000024
0.000025
0.000025
0.000026
0.000026
0.000024
0.000024
0.000024
0.000024
0.000024
0.000024
0.000024
0.000025
0.000025
0.000025
0.000024
0.000024
0.000024
0.000024
0.000024
0.000025
0.000024
0.000024
0.000024
0.000024
0.000025
0.000025
0.000025
0.000025
0.000025
0.000025
0.000025
0.000025
0.000024
0.000024
0.000025
0.000025
0.000025
0.000025
0.000024
0.000024
0.000024
0.000028
0.104612
0.004654
0.000347
0.000270
0.000044
0.000048
0.000066
0.000881
0.000060
0.107587
0.199546
0.199996
0.396838
0.536834
0.092209
0.000094
0.000033
0.000035
0.000026
0.000025
0.000025
0.000024
0.000024
0.000024
0.000025
0.000025
0.000025
0.000025
0.000025
0.000027
0.000041
0.000033
0.000036
0.000028
0.000027
0.000025
0.000025
0.000025
0.000024
0.000024
0.000024
0.000024
0.000025
0.000025
0.000025
0.000025
0.000025
0.000026
0.000026
0.000026
0.000025
0.000025
0.000025
0.000024
0.000026
0.000030
0.000030
0.000026
0.000026
0.000025
0.000025
0.000025
0.000025
0.000025
0.000025
0.000028
0.000026
0.000025
0.000025
0.000024
0.000024
0.000024
0.000025
0.000027
0.000026
0.000026
0.000026
0.000025
0.000025
0.000024
0.000025
0.000024
0.000024
0.000026
0.000032
0.000030
0.000028
0.000025
0.000025
0.000025
0.000026
0.000026
0.000025
0.000025
0.000025
0.000027
0.000028
0.000033
0.000034
0.000054
0.000045
0.000043
0.000034
0.000030
0.000029
0.000027
0.000030
0.000026
0.000025
0.000024
0.000024
0.000024
0.000025
0.000025
0.000026
0.000026
0.000028
0.000027
0.000025
0.000025
0.000024
0.000024
0.000024
0.000025
0.000024
0.000025
0.000025
0.000026
0.000025
0.000027
0.000027
0.000026
0.000025
0.000024
0.000024
0.000025
0.000025
0.000026
0.000026
0.000025
0.000025
0.000024
0.000024
0.000025
0.000025
0.000027
0.000028
0.000034
0.000027
0.000028
0.000026
0.000028
0.000032
0.000076
0.000044
0.000032
0.000025
0.000025
0.000025
0.000025
0.000026
0.000026
0.000031
0.000114
0.000042
0.000028
0.000028
0.000025
0.000024
0.000024
0.000024
0.000024
0.000024
0.000024
0.000024
0.000024
0.000024
0.000024
0.000025
0.000025
0.000025
0.000025
0.000024
0.000025
0.000025
0.000026
0.000028
0.000029
0.000026
0.000027
0.000024
0.000025
0.000025
0.000025
0.000024
0.000024
0.000024
0.000025
0.000024
0.000024
0.000024
0.000024
0.000024
0.000024
0.000024
0.000024
0.000025
0.000025
0.000025
0.000027
0.000025
0.000025
0.000025
0.000025
0.000025
0.000026
0.001455
0.678728
0.999848
0.999798
0.999845
0.998927
0.998776
0.587883
0.999174
0.999890
0.999946
0.999968
0.999954
0.999872
0.999698
0.996650
0.627403
0.716136
0.399286
0.000029
0.000097
0.000182
0.448881
0.458910
0.263124
0.000037
0.000025
0.000025
0.000024
0.000024
0.000025
0.000025
0.000025
0.000025
0.000025
0.000024
0.000024
0.000025
0.000025
0.000025
0.000025
0.000025
0.000026
0.000029
0.000036
0.000028
0.000028
0.000025
0.000025
0.000026
0.000025
0.000025
0.000024
0.000025
0.000024
0.000025
0.000025
0.000024
0.000024
0.000024
0.000024
0.000024
0.000024
0.000024
0.000024
0.000024
0.000024
0.000024
0.000024
0.000024
0.000026
0.000025
0.000025
0.000024
0.000024
0.000024
0.000024
0.000024
0.000024
0.000024
0.000024
0.000025
0.000024
0.000024
0.000024
0.000024
0.000025
0.000025
0.000025
0.000025
0.000025
0.000025
0.000025
0.000024
0.000025
0.000024
0.000024
0.000025
0.000025
0.000024
0.000024
0.000024
0.000024
0.000024
0.000024
0.000056
0.994421
0.999621
0.999869
0.999896
0.999888
0.799627
0.998408
0.803719
0.202475
0.486536
0.854266
0.000626
0.381037
0.951978
0.000370
0.000050
0.000067
0.000060
0.000055
0.000026
0.000025
0.000025
0.000025
0.000026
0.000033
0.000029
0.000029
0.000027
0.000025
0.000025
0.000025
0.000025
0.000025
0.000024
0.000024
0.000025
0.000025
0.000025
0.000025
0.000025
0.000025
0.000025
0.000025
0.000025
0.000024
0.000024
0.000024
0.000025
0.000025
0.000024
0.000024
0.000024
0.000024
0.000024
0.000024
0.000025
0.000025
0.000027
0.000026
0.000024
0.000024
0.000024
0.000024
0.000024
0.000024
0.000024
0.000024
0.000024
0.000025
0.000025
0.000025
0.000025
0.000025
0.000025
0.000026
0.000026
0.000025
0.000026
0.000025
0.000024
0.000024
0.000024
0.000024
0.000024
0.000024
0.000024
0.000026
0.000044
0.989187
0.999959
0.999968
0.999965
0.999876
0.999756
0.999254
0.799143
0.798715
0.798098
0.902577
0.836084
0.001149
0.000038
0.000128
0.129174
0.217518
0.000073
0.000038
0.000025
0.000026
0.000025
0.000029
0.000025
0.000025
0.000025
0.000025
0.000026
0.000027
0.000025
0.000025
0.000025
0.000025
0.000025
0.000025
0.000025
0.000024
0.000024
0.000025
0.000025
0.000025
0.000024
0.000024
0.000024
0.000024
0.000024
0.000024
0.000024
0.000024
0.000024
0.000024
0.000024
0.000024
0.000024
0.000024
0.000024
0.000025
0.000024
0.000024
0.000024
0.000025
0.000025
0.000026
0.000026
0.000024
0.000024
0.000024
0.000025
0.000024
0.000024
0.000024
0.000024
0.000024
0.000024
0.000025
0.000024
0.000024
0.000024
0.000024
0.000024
0.000024
0.000024
0.000024
0.000024
0.000024
0.000024
0.000024
0.000025
0.000026
0.000024
0.000024
0.000024
0.000024
0.000025
0.000025
0.000025
0.000025
0.000025
0.000025
0.000025
0.000024
0.000025
0.000024
0.000024
0.000024
0.000024
0.000024
0.000024
0.000024
0.000024
0.000024
0.000024
0.000024
0.000025
0.000025
0.000025
0.000024
0.000025
0.000024
0.000025
0.000024
0.000025
0.000025
0.000024
0.000024
0.000024
0.000024
0.000024
0.000024
0.000025
0.000026
0.000026
0.000025
0.000025
0.000024
0.000024
0.000024
0.000024
0.000024
0.000024
0.000024
0.000024
0.000025
0.000025
0.000025
0.000024
0.000024
0.000024
0.000025
0.000026
0.000026
0.000026
0.000027
0.000026
0.000025
0.000024
0.000024
0.000025
0.000025
0.000025
0.000025
0.000025
0.000024
0.000024
0.000024
0.000024
0.000024
0.000025
0.000026
0.000025
0.000026
0.000024
0.000024
0.000024
0.000024
0.000024
0.000024
0.000024
0.000025
0.000024
0.000025
0.000024
0.000024
0.000024
0.000024
0.000024
0.000025
0.000025
0.000025
0.000024
0.000024
0.000024
0.000024
0.000024
0.000024
0.000025
0.000025
0.000025
0.000025
0.000026
0.000026
0.000024
0.000024
0.000024
0.000024
0.000024
0.000024
0.000024
0.000025
0.000025
0.000025
0.000024
0.000024
0.000024
0.000025
0.000025
0.000025
0.000025
0.000025
0.000025
0.000024
0.000026
0.000025
0.000025
0.000025
0.000025
0.000026
0.000029
0.000026
0.000028
0.000030
0.000029
0.000026
0.000025
0.000025
0.000025
0.000028
0.000028
0.000031
0.000030
0.000102
0.000049
0.000034
0.000029
0.000025
0.000025
0.000024
0.000024
0.000025
0.000024
0.000024
0.000025
0.000025
0.000025
0.000025
0.000025
0.000025
0.000026
0.000033
0.000039
0.000035
0.000033
0.000042
0.000027
0.000025
0.000025
0.000024
0.000024
0.000024
0.000024
0.000025
0.000025
0.000025
0.000053
0.000034
0.000027
0.000026
0.000026
0.000026
0.000024
0.000024
0.000026
0.000026
0.000025
0.000037
0.000073
0.000036
0.000040
0.000032
0.000026
0.000024
0.000024
0.000024
0.000024
0.000024
0.000024
0.000025
0.000025
0.000024
0.000024
0.000024
0.000024
0.000025
0.000024
0.000024
0.000025
0.000025
0.000028
0.000030
0.000029
0.000025
0.000024
0.000024
0.000024
0.000024
0.000024
0.000026
0.000025
0.000028
0.000054
0.000045
0.000616
0.432185
0.748938
0.685509
0.997434
0.998080
0.999840
0.999652
0.597734
0.583219
0.399880
0.215550
0.200033
0.001409
0.000127
0.662834
0.416269
0.600225
0.199415
0.000510
0.000368
0.000621
0.399564
0.999697
0.541150
0.604237
0.013467
0.206880
0.402857
0.799742
0.377098
0.000040
0.000026
0.000025
0.000028
0.000025
0.000025
0.000025
0.000025
0.000025
0.000025
0.000025
0.000025
0.000048
0.393686
0.399847
0.193869
0.000045
0.000025
0.000025
0.000025
0.000028
0.000027
0.000030
0.000027
0.000025
0.000025
0.000025
0.000030
0.000035
0.000029
0.000027
0.000025
0.000025
0.000025
0.000027
0.000030
0.000032
0.000036
0.000434
0.000163
0.201541
0.002393
0.000324
0.002277
0.015180
0.000127
0.000040
0.000031
0.000033
0.000033
0.000042
0.000027
0.000028
0.000024
0.000024
0.000024
0.000024
0.000024
0.000025
0.000025
0.000025
0.000025
0.000024
0.000024
0.000028
0.000039
0.000038
0.000067
0.000029
0.000027
0.000027
0.000029
0.000028
0.000029
0.000030
0.000025
0.000024
0.000024
0.000024
0.000024
0.000024
0.000024
0.000024
0.000026
0.000025
0.000028
0.002287
0.000045
0.000044
0.000045
0.000026
0.000027
0.000028
0.000026
0.000026
0.000026
0.000026
0.000044
0.000044
0.000076
0.000117
0.000036
0.000025
0.000032
0.000029
0.000025
0.000025
0.000026
0.000025
0.000025
0.000028
0.000033
0.000024
0.000024
0.000024
0.000024
0.000025
0.000025
0.000025
0.000024
0.000025
0.000028
0.000031
0.000025
0.000024
0.000024
0.000024
0.000025
0.000024
0.000026
0.000025
0.000024
0.000024
0.000024
0.000024
0.000024
0.000030
0.000144
0.213395
0.385580
0.997016
0.999906
0.999590
0.999914
0.999931
0.999930
0.999924
0.999906
0.999208
0.999783
0.999936
0.999927
0.999935
0.999890
0.998310
0.000025
0.000025
0.000025
0.000025
0.000025
0.000024
0.000024
0.000024
0.000024
0.000024
0.000024
0.000025
0.000024
0.000024
0.000024
0.000024
0.000024
0.000024
0.000024
0.000024
0.000024
0.000025
0.000025
0.000024
0.000024
0.000024
0.000024
0.000024
0.000025
0.000024
0.000025
0.000024
0.000024
0.000024
0.000024
0.000025
0.000052
0.479060
0.999212
0.976443
0.751791
0.399867
0.398190
0.999527
0.997777
0.597406
0.275127
0.449424
0.000125
0.315834
0.999553
0.606002
0.999532
0.807421
0.999265
0.198950
0.005732
0.000026
0.000025
0.000024
0.000024
0.000024
0.000024
0.000024
0.000024
0.000024
0.000024
0.000025
0.000025
0.000024
0.000024
0.000024
0.000025
0.000025
0.000025
0.000024
0.000025
0.000026
0.000025
0.000024
0.000024
0.000024
0.000024
0.000025
0.000025
0.000026
0.000026
0.000026
0.000025
0.000025
0.000025
0.000025
0.000025
0.000024
0.000025
0.000024
0.000024
0.000024
0.000025
0.000025
0.000025
0.000025
0.000025
0.000025
0.000025
0.000025
0.000024
0.000030
0.993082
0.999916
0.999955
0.999924
0.684490
0.874972
0.999849
0.999962
0.999943
0.999951
0.999949
0.999847
0.994323
0.999881
0.999330
0.602618
0.799182
0.799619
0.999770
0.800608
0.799528
0.800243
0.998020
0.997671
0.998344
0.618813
0.000038
0.000030
0.000024
0.000025
0.000025
0.000027
0.000025
0.000025
0.000024
0.000025
0.000024
0.000024
0.000024
0.000024
0.000025
0.000024
0.000025
0.000025
0.000025
0.000025
0.000024
0.000024
0.000024
0.000024
0.000024
0.000025
0.000025
0.000025
0.000025
0.000025
0.000024
0.000024
0.000024
0.000024
0.000025
0.000024
0.000025
0.000041
0.521699
0.602046
0.999567
0.999734
0.999212
0.047919
0.000729
0.419596
0.994797
0.999817
0.999969
0.999966
0.999933
0.999409
0.031192
0.000026
0.000025
0.000024
0.000024
0.000024
0.000024
0.000025
0.000025
0.000027
0.000029
0.000027
0.000026
0.000027
0.000025
0.000025
0.000025
0.000025
0.000025
0.000025
0.000025
0.000025
0.000027
0.000028
0.000035
0.000030
0.000049
0.000026
0.000025
0.000025
0.000025
0.000025
0.000024
0.000025
0.000026
0.000026
0.000025
0.000025
0.000029
0.000029
0.000033
0.000029
0.000025
0.000025
0.000024
0.000024
0.000024
0.000024
0.000025
0.000026
0.000027
0.000026
0.000025
0.000024
0.000024
0.000025
0.000025
0.000025
0.000025
0.000026
0.000044
0.135322
0.999763
0.999918
0.999876
0.999769
0.999593
0.065953
0.596733
0.000636
0.618760
0.800883
0.681590
0.455186
0.981193
0.333945
0.997644
0.998749
0.870575
0.799682
0.127477
0.573254
0.199906
0.000054
0.000028
0.000025
0.000025
0.000025
0.000025
0.000026
0.000025
0.000025
0.000025
0.000025
0.000025
0.000025
0.000025
0.000025
0.000024
0.000024
0.000026
0.000025
0.000027
0.000028
0.000025
0.000025
0.000025
0.000025
0.000024
0.000025
0.000025
0.000027
0.000027
0.000026
0.000026
0.000027
0.000027
0.000028
0.000027
0.000026
0.000025
0.000025
0.000025
0.000024
0.000024
0.000024
0.000025
0.000025
0.000025
0.000025
0.000026
0.000026
0.000027
0.000028
0.000029
0.000026
0.000028
0.000025
0.000027
0.000032
0.000034
0.000025
0.000025
0.000025
0.000025
0.000025
0.000026
0.000026
0.000026
0.000026
0.000025
0.000025
0.000025
0.000027
0.000054
0.000076
0.000075
0.000043
0.000028
0.000026
0.000025
0.000024
0.000024
0.000024
0.000025
0.000025
0.000025
0.000025
0.000024
0.000025
0.000025
0.000025
0.000024
0.000025
0.000025
0.000024
0.000024
0.000025
0.000025
0.000024
0.000024
0.000024
0.000024
0.000024
0.000025
0.000025
0.000024
0.000024
0.000024
0.000024
0.000024
0.000024
0.000024
0.000024
0.000024
0.000024
0.000024
0.000024
0.000024
0.000025
0.000025
0.000024
0.000024
0.000024
0.000025
0.000025
0.000025
0.000026
0.000080
0.001592
0.871666
0.989776
0.949666
0.196713
0.223970
0.000087
0.002027
0.198306
0.797356
0.999293
0.999725
0.999748
0.999884
0.999661
0.781102
0.604661
0.999060
0.995391
0.999641
0.999679
0.809913
0.600472
0.000031
0.000024
0.000024
0.000025
0.000025
0.000025
0.000025
0.000025
0.000025
0.000025
0.000025
0.000024
0.000027
0.000025
0.000024
0.000025
0.000024
0.000024
0.000024
0.000024
0.000024
0.000025
0.000026
0.000025
0.000024
0.000024
0.000024
0.000024
0.000025
0.000024
0.000024
0.000024
0.000024
0.000024
0.000024
0.000024
0.000024
0.000024
0.000024
0.000024
0.000024
0.000024
0.000024
0.000024
0.000024
0.000024
0.000024
0.000024
0.000024
0.000024
0.000025
0.000024
0.000024
0.000024
0.000024
0.000024
0.000025
0.000054
0.000359
0.000394
0.000033
0.000024
0.000024
0.000024
0.000024
0.000024
0.000024
0.000024
0.000024
0.000024
0.000024
0.000024
0.000024
0.000024
0.000024
0.000024
0.000025
0.000025
0.000027
0.000028
0.000029
0.000081
0.000236
0.000126
0.000260
0.103538
0.000316
0.003105
0.000070
0.000037
0.000027
0.000126
0.000190
0.400949
0.000038
0.000030
0.000028
0.000027
0.000037
0.000283
0.960690
0.800808
0.999817
0.999724
0.999488
0.413352
0.459137
0.030301
0.400480
0.001276
0.000189
0.000033
0.000042
0.000030
0.000045
0.000057
0.000027
0.000025
0.000025
0.000025
0.000026
0.000025
0.000024
0.000024
0.000024
0.000024
0.000024
0.000024
0.000024
0.000025
0.000025
0.000025
0.000024
0.000025
0.000025
0.000025
0.000024
0.000024
0.000024
0.000024
0.000024
0.000024
0.000024
0.000024
0.000025
0.000024
0.000024
0.000024
0.000024
0.000024
0.000024
0.000024
0.000024
0.000024
0.000024
0.000024
0.000024
0.000025
0.000025
0.000024
0.000024
0.000025
0.000041
0.999685
0.999953
0.999937
0.999958
0.999944
0.999837
0.999861
0.999798
0.000457
0.000028
0.000025
0.000025
0.000025
0.000025
0.000024
0.000024
0.000024
0.000025
0.000026
0.000025
0.000024
0.000024
0.000024
0.000024
0.000024
0.000024
0.000024
0.000024
0.000024
0.000027
0.000040
0.188285
0.621182
0.999822
0.999912
0.999956
0.999955
0.999948
0.999808
0.602738
0.365343
0.000050
0.000029
0.000026
0.000025
0.000025
0.000024
0.000024
0.000024
0.000024
0.000025
0.000028
0.000035
0.000031
0.000030
0.000025
0.000024
0.000024
0.000025
0.000025
0.000027
0.000025
0.000025
0.000024
0.000024
0.000024
0.000025
0.000024
0.000024
0.000025
0.000025
0.000026
0.000028
0.000029
0.000028
0.000026
0.000025
0.000024
0.000024
0.000024
0.000024
0.000025
0.000025
0.000025
0.000024
0.000024
0.000024
0.000024
0.000024
0.000024
0.000025
0.000025
0.000026
0.000025
0.000024
0.000024
0.000024
0.000024
0.000024
0.000024
0.000024
0.000025
0.000025
0.000025
0.000026
0.000025
0.000024
0.000024
0.000026
0.000050
0.005180
0.781310
0.803859
0.999817
0.999456
0.999889
0.999776
0.999917
0.999924
0.999835
0.999951
0.999949
0.999934
0.999702
0.444137
0.000035
0.000025
0.000025
0.000026
0.000026
0.000026
0.000030
0.000025
0.000025
0.000025
0.000025
0.000026
0.000025
0.000026
0.000026
0.000024
0.000024
0.000024
0.000024
0.000024
0.000024
0.000024
0.000025
0.000025
0.000035
0.396585
0.398812
0.199353
0.221595
0.794787
0.998442
0.999680
0.999693
0.999830
0.999606
0.999924
0.999962
0.999879
0.337379
0.000025
0.000026
0.000026
0.000025
0.000025
0.000025
0.000024
0.000025
0.000024
0.000025
0.000026
0.000026
0.000025
0.000025
0.000026
0.000030
0.000032
0.000033
0.000026
0.000025
0.000024
0.000024
0.000024
0.000024
0.000024
0.000024
0.000025
0.000025
0.000026
0.000027
0.000030
0.000105
0.000083
0.000043
0.000031
0.000030
0.000025
0.000026
0.000026
0.000026
0.000025
0.000029
0.000027
0.000025
0.000025
0.000025
0.000024
0.000024
0.000024
0.000024
0.000024
0.000027
0.000028
0.000042
0.000037
0.000058
0.000054
0.000029
0.000026
0.000027
0.000026
0.000026
0.000025
0.000025
0.000024
0.000025
0.000025
0.000024
0.000024
0.000024
0.000024
0.000024
0.000024
0.000024
0.000025
0.000025
0.000025
0.000026
0.000026
0.000025
0.000025
0.000025
0.000025
0.000025
0.000025
0.000029
0.000030
0.000026
0.000025
0.000024
0.000024
0.000024
0.000024
0.000024
0.000024
0.000024
0.000024
0.000024
0.000025
0.000027
0.000027
0.000026
0.000025
0.000024
0.000024
0.000024
0.000025
0.000024
0.000024
0.000025
0.000025
0.000025
0.000025
0.000025
0.000024
0.000024
0.000024
0.000024
0.000024
0.000024
0.000025
0.000025
0.000025
0.000025
0.000024
0.000025
0.000025
0.000025
0.000025
0.000025
0.000026
0.000025
0.000025
0.000024
0.000024
0.000024
0.000025
0.000024
0.000024
0.000024
0.000024
0.000024
0.000024
0.000025
0.000024
0.000026
0.000028
0.000031
0.000035
0.000026
0.000027
0.000025
0.000025
0.000024
0.000024
0.000024
0.000024
0.000024
0.000024
0.000025
0.000025
0.000025
0.000024
0.000024
0.000024
0.000024
0.000024
0.000025
0.000025
0.000024
0.000024
0.000024
0.000024
0.000024
0.000025
0.000026
0.000025
0.000025
0.000025
0.000025
0.000025
0.000026
0.000025
0.000025
0.000025
0.000025
0.000026
0.000025
0.000025
0.000025
0.000025
0.000025
0.000036
0.394429
0.685987
0.819975
0.000054
0.000037
0.000028
0.000028
0.000030
0.000060
0.000057
0.000040
0.000032
0.200893
0.001437
0.000215
0.000662
0.000056
0.000047
0.000079
0.000069
0.000056
0.000090
0.000106
0.000048
0.000040
0.000037
0.000038
0.000031
0.000036
0.000030
0.000030
0.000028
0.000025
0.000025
0.000027
0.000026
0.000025
0.000036
0.000028
0.000033
0.000046
0.000044
0.000053
0.000033
0.000026
0.000025
0.000026
0.000043
0.000191
0.000031
0.000031
0.000034
0.000033
0.000065
0.000285
0.000080
0.000050
0.000035
0.000026
0.000025
0.000025
0.000024
0.000024
0.000024
0.000038
0.000151
0.400760
0.020970
0.001861
0.189741
0.055541
0.385689
0.000265
0.000062
0.000086
0.000037
0.000031
0.000029
0.000027
0.000024
0.000025
0.000024
0.000025
0.000024
0.000025
0.000025
0.000024
0.000026
0.000025
0.000024
0.000024
0.000024
0.000024
0.000024
0.000024
0.000024
0.000024
0.000024
0.000024
0.000024
0.000024
0.000024
0.000024
0.000025
0.000024
0.000024
0.000025
0.000024
0.000024
0.000024
0.000024
0.000024
0.000024
0.000024
0.000024
0.000024
0.000024
0.000025
0.000025
0.000025
0.000026
0.000026
0.000027
0.000026
0.000026
0.000026
0.000026
0.000025
0.000025
0.000024
0.000024
0.000024
0.000025
0.000025
0.000025
0.000024
0.000024
0.000036
0.000044
0.000047
0.395578
0.904251
0.998379
0.803683
0.599593
0.381028
0.000046
0.016202
0.446026
0.566883
0.305657
0.005272
0.000073
0.196597
0.000034
0.000029
0.000027
0.000026
0.000026
0.000025
0.000025
0.000025
0.000024
0.000025
0.000025
0.000025
0.000025
0.000025
0.000025
0.000026
0.000029
0.000034
0.000028
0.000026
0.000026
0.000024
0.000024
0.000024
0.000026
0.000051
0.998391
0.999619
0.999754
0.999430
0.998726
0.998887
0.999401
0.999079
0.999286
0.999757
0.999842
0.999483
0.997230
0.743511
0.190533
0.000040
0.000028
0.000026
0.000025
0.000025
0.000024
0.000025
0.000025
0.000025
0.000024
0.000025
0.000024
0.000025
0.000025
0.000025
0.000024
0.000025
0.000024
0.000024
0.000024
0.000024
0.000024
0.000026
0.000028
0.000027
0.000025
0.000025
0.000054
0.542124
0.999370
0.999795
0.999749
0.000032
0.000137
0.000034
0.000067
0.000094
0.000058
0.000533
0.995629
0.999561
0.999848
0.770998
0.361708
0.000124
0.000107
0.000047
0.000072
0.000069
0.000032
0.000050
0.000116
0.000063
0.000073
0.000042
0.000025
0.000025
0.000025
0.000025
0.000024
0.000024
0.000024
0.000024
0.000024
0.000024
0.000024
0.000024
0.000024
0.000024
0.000024
0.000024
0.000024
0.000025
0.000025
0.000025
0.000025
0.000024
0.000024
0.000024
0.000024
0.000024
0.000024
0.000024
0.000024
0.000024
0.000024
0.000024
0.000024
0.000024
0.000024
0.000025
0.000025
0.000025
0.000026
0.000026
0.000025
0.000024
0.000024
0.000024
0.000024
0.000024
0.000024
0.000024
0.000024
0.000025
0.000025
0.000024
0.000024
0.000024
0.000029
0.341878
0.393039
0.634131
0.017413
0.998895
0.997965
0.999649
0.998841
0.980258
0.999319
0.999862
0.999851
0.999754
0.999623
0.000500
0.000029
0.000025
0.000025
0.000024
0.000025
0.000025
0.000024
0.000025
0.000024
0.000024
0.000024
0.000026
0.000024
0.000024
0.000024
0.000024
0.000025
0.000025
0.000025
0.000024
0.000024
0.000024
0.000024
0.000025
0.000025
0.000026
0.000024
0.000024
0.000024
0.000025
0.000024
0.000024
0.000024
0.000025
0.000026
0.000032
0.000035
0.000033
0.000027
0.000031
0.000050
0.193521
0.000075
0.000732
0.000309
0.000034
0.000027
0.000031
0.000026
0.000026
0.000025
0.000028
0.000028
0.000025
0.000025
0.000024
0.000024
0.000024
0.000024
0.000025
0.000033
0.000028
0.000029
0.000026
0.000026
0.000027
0.000025
0.000024
0.000024
0.000024
0.000025
0.000028
0.000033
0.000029
0.000026
0.000025
0.000025
0.000025
0.000025
0.000025
0.000025
0.000025
0.000025
0.000029
0.000025
0.000025
0.000025
0.000025
0.000026
0.000025
0.000026
0.000025
0.000025
0.000024
0.000024
0.000024
0.000024
0.000024
0.000024
0.000024
0.000024
0.000024
0.000024
0.000024
0.000024
0.000024
0.000024
0.000024
0.000024
0.000024
0.000024
0.000025
0.000025
0.000025
0.000024
0.000027
0.000026
0.000031
0.000076
0.000533
0.001011
0.240975
0.804401
0.999144
0.998909
0.999705
0.999530
0.999321
0.398299
0.000136
0.000174
0.000042
0.000025
0.000025
0.000025
0.000025
0.000025
0.000024
0.000024
0.000024
0.000024
0.000024
0.000025
0.000024
0.000025
0.000026
0.000025
0.000025
0.000025
0.000025
0.000026
0.000025
0.000024
0.000025
0.000024
0.000024
0.000025
0.000024
0.000024
0.000026
0.000026
0.000027
0.000025
0.000028
0.000026
0.000024
0.000024
0.000024
0.000024
0.000024
0.000024
0.000024
0.000024
0.000024
0.000024
0.000024
0.000024
0.000024
0.000024
0.000024
0.000024
0.000024
0.000024
0.000024
0.000024
0.000024
0.000024
0.000024
0.000024
0.000024
0.000024
0.000025
0.000064
0.996472
0.999952
0.999957
0.999962
0.999945
0.999907
0.999843
0.688638
0.999882
0.999930
0.999551
0.999759
0.837041
0.273887
0.397794
0.000035
0.000024
0.000024
0.000024
0.000024
0.000025
0.000025
0.000026
0.000026
0.000026
0.000026
0.000027
0.000025
0.000025
0.000024
0.000025
0.000025
0.000026
0.000026
0.000026
0.000026
0.000025
0.000025
0.000025
0.000025
0.000025
0.000024
0.000024
0.000030
0.000065
0.201057
0.999798
0.999825
0.999386
0.999497
0.999834
0.999603
0.999738
0.999786
0.585522
0.608455
0.390704
0.000064
0.000029
0.000025
0.000025
0.000025
0.000024
0.000024
0.000024
0.000027
0.000063
0.416703
0.999862
0.999763
0.999365
0.995391
0.970659
0.999089
0.999874
0.999820
0.999476
0.191587
0.000058
0.000024
0.000024
0.000024
0.000024
0.000025
0.000025
0.000025
0.000024
0.000024
0.000024
0.000024
0.000024
0.000024
0.000024
0.000025
0.000025
0.000025
0.000025
0.000025
0.000025
0.000025
0.000024
0.000024
0.000024
0.000025
0.000024
0.000025
0.000025
0.000024
0.000024
0.000025
0.000027
0.000027
0.000026
0.000030
0.000030
0.000033
0.000078
0.000038
0.000039
0.000108
0.001188
0.001666
0.194011
0.000141
0.000026
0.000027
0.000030
0.000032
0.000029
0.000028
0.000035
0.000030
0.000040
0.000040
0.000028
0.000026
0.000025
0.000026
0.000024
0.000024
0.000025
0.000025
0.000026
0.000027
0.000026
0.000027
0.000075
0.000058
0.000078
0.003338
0.000301
0.000034
0.000030
0.000027
0.000030
0.000032
0.000049
0.000058
0.000348
0.000089
0.000059
0.000038
0.000026
0.000027
0.000030
0.000027
0.000027
0.000028
0.000034
0.172700
0.000799
0.000039
0.000055
0.000029
0.000025
0.000025
0.000025
0.000025
0.000024
0.000025
0.000025
0.000025
0.000025
0.000026
0.000025
0.000025
0.000024
0.000025
0.000025
0.000024
0.000024
0.000025
0.000026
0.000026
0.000024
0.000024
0.000024
0.000024
0.000024
0.000024
0.000024
0.000024
0.000025
0.000025
0.000025
0.000024
0.000024
0.000024
0.000024
0.000024
0.000024
0.000024
0.000024
0.000024
0.000025
0.000025
0.000025
0.000026
0.000026
0.000025
0.000024
0.000024
0.000024
0.000024
0.000025
0.000024
0.000024
0.000025
0.000025
0.000025
0.000024
0.000024
0.000024
0.000024
0.000024
0.000024
0.000024
0.000024
0.000024
0.000025
0.000025
0.000025
0.000026
0.000025
0.000024
0.000025
0.000025
0.000025
0.000025
0.000026
0.000026
0.000026
0.000026
0.000026
0.000025
0.000026
0.000027
0.000027
0.000025
0.000025
0.000025
0.000025
0.000026
0.000026
0.000029
0.000026
0.000025
0.000025
0.000024
0.000024
0.000024
0.000024
0.000024
0.000024
0.000026
0.000024
0.000024
0.000024
0.000025
0.000024
0.000025
0.000024
0.000031
0.000026
0.000027
0.000026
0.000025
0.000024
0.000024
0.000024
0.000025
0.000025
0.000024
0.000024
0.000025
0.000025
0.000026
0.000028
0.000025
0.000025
0.000024
0.000024
0.000024
0.000024
0.000024
0.000024
0.000024
0.000025
0.000025
0.000026
0.000025
0.000025
0.000025
0.000024
0.000024
0.000024
0.000024
0.000024
0.000025
0.000026
0.000025
0.000024
0.000024
0.000024
0.000024
0.000024
0.000024
0.000024
0.000024
0.000024
0.000024
0.000024
0.000024
0.000024
0.000024
0.000024
0.000024
0.000024
0.000025
0.000025
0.000025
0.000025
0.000024
0.000025
0.000024
0.000025
0.000025
0.000025
0.000025
0.000025
0.000026
0.000030
0.000026
0.000027
0.000063
0.000069
0.010292
0.749758
0.997962
0.796912
0.620787
0.427128
0.000042
0.999717
0.999916
0.999963
0.999952
0.999920
0.799602
0.573471
0.359087
0.948273
0.997596
0.594785
0.409957
0.034054
0.000031
0.000025
0.000025
0.000025
0.000024
0.000024
0.000024
0.000025
0.000025
0.000025
0.000024
0.000025
0.000025
0.000026
0.000025
0.000025
0.000025
0.000024
0.000024
0.000024
0.000024
0.000024
0.000024
0.000025
0.000025
0.000025
0.000025
0.000025
0.000024
0.000025
0.000025
0.000024
0.000024
0.000025
0.000026
0.000026
0.000025
0.000025
0.000025
0.000026
0.000027
0.000032
0.000038
0.000029
0.000032
0.000034
0.000030
0.000027
0.000026
0.000024
0.000024
0.000025
0.000024
0.000026
0.000026
0.000026
0.000024
0.000025
0.000024
0.000024
0.000024
0.000024
0.000024
0.000025
0.000025
0.000025
0.000025
0.000025
0.000024
0.000024
0.000024
0.000024
0.000025
0.000025
0.000025
0.000025
0.000025
0.000025
0.000025
0.000024
0.000024
0.000024
0.000025
0.000025
0.000026
0.000026
0.000025
0.000025
0.000024
0.000024
0.000024
0.000024
0.000024
0.000024
0.000024
0.000024
0.000024
0.000024
0.000024
0.000024
0.000024
0.000024
0.000024
0.000024
0.000024
0.000024
0.000024
0.000025
0.000025
0.000025
0.000026
0.000026
0.000025
0.000025
0.000025
0.000024
0.000024
0.000024
0.000024
0.000024
0.000024
0.000024
0.000025
0.000027
0.000026
0.000025
0.000025
0.000025
0.000024
0.000024
0.000024
0.000025
0.000024
0.000025
0.000025
0.000024
0.000024
0.000024
0.000024
0.000025
0.000025
0.000024
0.000024
0.000025
0.000024
0.000024
0.000025
0.000025
0.000025
0.000025
0.000025
0.000025
0.000024
0.000025
0.000025
0.000025
0.000025
0.000025
0.000025
0.000025
0.000025
0.000025
0.000025
0.000025
0.000024
0.000024
0.000024
0.000024
0.000024
0.000025
0.000026
0.000027
0.000025
0.000025
0.000025
0.000024
0.000025
0.000025
0.000024
0.000025
0.000025
0.000025
0.000025
0.000025
0.000025
0.000025
0.000024
0.000024
0.000024
0.000024
0.000024
0.000024
0.000024
0.000025
0.000025
0.000025
0.000025
0.000025
0.000031
0.000026
0.000028
0.000026
0.000025
0.000025
0.000025
0.000025
0.000025
0.000025
0.000024
0.000024
0.000025
0.000025
0.000025
0.000025
0.000025
0.000024
0.000024
0.000024
0.000024
0.000025
0.000025
0.000026
0.000025
0.000025
0.000024
0.000025
0.000024
0.000025
0.000024
0.000025
0.000025
0.000025
0.000025
0.000025
0.000024
0.000024
0.000025
0.000025
0.000025
0.000024
0.000024
0.000024
0.000025
0.000026
0.000025
0.000025
0.000025
0.000025
0.000025
0.000026
0.000025
0.000025
0.000024
0.000025
0.000024
0.000024
0.000024
0.000024
0.000029
0.000030
0.000028
0.000029
0.000033
0.000028
0.000026
0.000029
0.000025
0.000024
0.000024
0.000024
0.000024
0.000025
0.000025
0.000026
0.000026
0.000027
0.000025
0.000025
0.000025
0.000026
0.000025
0.000026
0.000026
0.000028
0.000026
0.000029
0.000037
0.000071
0.000036
0.000060
0.000041
0.000029
0.000026
0.000032
0.000026
0.000025
0.000025
0.000025
0.000024
0.000024
0.000024
0.000024
0.000024
0.000024
0.000024
0.000024
0.000024
0.000025
0.000025
0.000025
0.000026
0.000026
0.000026
0.000025
0.000025
0.000027
0.000025
0.000025
0.000026
0.000028
0.000027
0.000033
0.000035
0.000055
0.000027
0.000028
0.000025
0.000024
0.000024
0.000024
0.000025
0.000025
0.000025
0.000025
0.000025
0.000024
0.000024
0.000024
0.000024
0.000024
0.000024
0.000025
0.000025
0.000024
0.000024
0.000024
0.000024
0.000024
0.000025
0.000024
0.000024
0.000024
0.000026
0.000027
0.000025
0.000025
0.000024
0.000024
0.000024
0.000024
0.000024
0.000024
0.000025
0.000024
0.000025
0.000025
0.000026
0.000027
0.000026
0.000026
0.000025
0.000025
0.000024
0.000025
0.000025
0.000025
0.000024
0.000024
0.000024
0.000024
0.000024
0.000026
0.000025
0.000025
0.000024
0.000025
0.000025
0.000025
0.000027
0.000026
0.000028
0.000039
0.000025
0.000025
0.000024
0.000024
0.000024
0.000024
0.000024
0.000024
0.000024
0.000024
0.000025
0.000024
0.000025
0.000055
0.000046
0.000032
0.000028
0.000025
0.000025
0.000024
0.000024
0.000024
0.000024
0.000024
0.000024
0.000024
0.000025
0.000024
0.000025
0.000024
0.000025
0.000025
0.000024
0.000024
0.000024
0.000024
0.000025
0.000025
0.000030
0.000029
0.000045
0.000053
0.000243
0.804413
0.999229
0.827788
0.999865
0.999714
0.999833
0.999650
0.999627
0.600613
0.799727
0.999491
0.999824
0.999952
0.999930
0.999949
0.999410
0.999954
0.999932
0.780717
0.402131
0.000261
0.000128
0.000034
0.000030
0.000027
0.000027
0.000026
0.000024
0.000024
0.000024
0.000024
0.000024
0.000024
0.000025
0.000026
0.000034
0.000035
0.000027
0.000025
0.000024
0.000025
0.000027
0.000028
0.000028
0.000027
0.000027
0.000026
0.000025
0.000025
0.000025
0.000025
0.000025
0.000025
0.000025
0.000025
0.000025
0.000026
0.000026
0.000025
0.000025
0.000026
0.000029
0.000044
0.000032
0.000028
0.000026
0.000025
0.000025
0.000024
0.000024
0.000025
0.000025
0.000025
0.000025
0.000025
0.000024
0.000024
0.000025
0.000027
0.000029
0.000028
0.000027
0.000025
0.000025
0.000024
0.000025
0.000024
0.000024
0.000024
0.000024
0.000025
0.000025
0.000024
0.000024
0.000025
0.000025
0.000026
0.000025
0.000025
0.000025
0.000025
0.000025
0.000025
0.000025
0.000026
0.000025
0.000025
0.000026
0.000025
0.000025
0.000025
0.000025
0.000025
0.000025
0.000025
0.000025
0.000025
0.000025
0.000025
0.000024
0.000025
0.000024
0.000024
0.000024
0.000024
0.000024
0.000024
0.000024
0.000024
0.000024
0.000024
0.000025
0.000025
0.000025
0.000024
0.000025
0.000025
0.000025
0.000025
0.000024
0.000024
0.000024
0.000024
0.000024
0.000025
0.000024
0.000024
0.000024
0.000024
0.000025
0.000025
0.000024
0.000024
0.000024
0.000024
0.000025
0.000025
0.000027
0.000025
0.000025
0.000025
0.000025
0.000026
0.000027
0.000025
0.000025
0.000025
0.000025
0.000024
0.000024
0.000025
0.000025
0.000025
0.000025
0.000030
0.000027
0.000028
0.000025
0.000025
0.000025
0.000025
0.000025
0.000026
0.000026
0.000025
0.000025
0.000025
0.000025
0.000025
0.000025
0.000025
0.000025
0.000026
0.000026
0.000027
0.000027
0.000026
0.000026
0.000026
0.000025
0.000025
0.000025
0.000025
0.000025
0.000025
0.000025
0.000025
0.000025
0.000025
0.000026
0.000025
0.000025
0.000025
0.000025
0.000026
0.000025
0.000025
0.000025
0.000025
0.000025
0.000024
0.000025
0.000025
0.000024
0.000025
0.000025
0.000025
0.000026
0.000026
0.000027
0.000026
0.000025
0.000025
0.000025
0.000024
0.000024
0.000025
0.000025
0.000025
0.000025
0.000025
0.000024
0.000024
0.000024
0.000025
0.000027
0.000031
0.000025
0.000028
0.000025
0.000024
0.000024
0.000024
0.000024
0.000024
0.000024
0.000024
0.000024
0.000024
0.000024
0.000025
0.000024
0.000025
0.000025
0.000025
0.000026
0.000026
0.000025
0.000025
0.000024
0.000024
0.000024
0.000024
0.000024
0.000024
0.000024
0.000024
0.000024
0.000024
0.000024
0.000024
0.000025
0.000025
0.000024
0.000024
0.000024
0.000025
0.000025
0.000025
0.000024
0.000024
0.000024
0.000025
0.000024
0.000025
0.000024
0.000024
0.000024
0.000026
0.000026
0.000026
0.000028
0.000026
0.000025
0.000024
0.000024
0.000024
0.000025
0.000024
0.000029
0.000025
0.000028
0.000028
0.000026
0.000024
0.000024
0.000024
0.000024
0.000024
0.000024
0.000024
0.000024
0.000024
0.000025
0.000024
0.000024
0.000024
0.000024
0.000024
0.000024
0.000025
0.000025
0.000026
0.000025
0.000024
0.000024
0.000024
0.000025
0.000026
0.000026
0.000025
0.000025
0.000025
0.000025
0.000025
0.000025
0.000025
0.000037
0.000034
0.000093
0.000167
0.000206
0.000115
0.001881
0.046604
0.000058
0.000036
0.235366
0.011285
0.001151
0.000117
0.000029
0.000025
0.000025
0.000025
0.000024
0.000024
0.000024
0.000025
0.000029
0.000029
0.000026
0.000026
0.000026
0.000024
0.000024
0.000024
0.000024
0.000024
0.000024
0.000024
0.000025
0.000024
0.000024
0.000024
0.000024
0.000025
0.000025
0.000025
0.000025
0.000025
0.000025
0.000025
0.000026
0.000026
0.000026
0.000026
0.000026
0.000025
0.000025
0.000025
0.000025
0.000024
0.000027
0.000032
0.001113
0.000953
0.000090
0.195606
0.999702
0.998606
0.998912
0.996393
0.403396
0.999276
0.799793
0.378390
0.400543
0.399717
0.000355
0.001906
0.000029
0.000025
0.000025
0.000025
0.000025
0.000025
0.000025
0.000025
0.000025
0.000025
0.000025
0.000025
0.000025
0.000025
0.000025
0.000025
0.000025
0.000025
0.000024
0.000025
0.000025
0.000024
0.000024
0.000025
0.000024
0.000024
0.000024
0.000024
0.000024
0.000024
0.000024
0.000025
0.000025
0.000025
0.000024
0.000024
0.000024
0.000024
0.000024
0.000025
0.000025
0.000025
0.000025
0.000029
0.000028
0.000031
0.000029
0.000027
0.000028
0.000027
0.000025
0.000024
0.000024
0.000024
0.000024
0.000024
0.000024
0.000024
0.000025
0.000026
0.000027
0.000027
0.000027
0.000027
0.000026
0.000026
0.000025
0.000025
0.000025
0.000027
0.000031
0.000033
0.000112
0.029459
0.001198
0.011496
0.000057
0.000032
0.000026
0.000026
0.000025
0.000025
0.000025
0.000024
0.000024
0.000024
0.000024
0.000024
0.000024
0.000025
0.000027
0.000026
0.000025
0.000025
0.000024
0.000024
0.000024
0.000025
0.000025
0.000025
0.000026
0.000026
0.000027
0.000027
0.000034
0.000059
0.000027
0.000032
0.000027
0.000030
0.000026
0.000027
0.000026
0.000024
0.000025
0.000025
0.000024
0.000024
0.000024
0.000024
0.000025
0.000028
0.000073
0.000063
0.000063
0.000030
0.000027
0.000025
0.000027
0.000032
0.000032
0.000028
0.000027
0.000026
0.000026
0.000025
0.000025
0.000024
0.000025
0.000025
0.000025
0.000025
0.000025
0.000025
0.000025
0.000025
0.000025
0.000025
0.000025
0.000025
0.000024
0.000024
0.000025
0.000024
0.000024
0.000024
0.000025
0.000025
0.000025
0.000025
0.000024
0.000024
0.000025
0.000026
0.000030
0.000028
0.000027
0.000026
0.000027
0.000025
0.000025
0.000025
0.000024
0.000024
0.000024
0.000024
0.000025
0.000024
0.000024
0.000025
0.000025
0.000024
0.000024
0.000024
0.000024
0.000025
0.000024
0.000024
0.000024
0.000025
0.000024
0.000024
0.000025
0.000025
0.000024
0.000024
0.000024
0.000024
0.000024
0.000024
0.000025
0.000026
0.000030
0.000030
0.000031
0.000026
0.000027
0.000026
0.000025
0.000025
0.000025
0.000024
0.000024
0.000024
0.000024
0.000024
0.000024
0.000024
0.000024
0.000024
0.000025
0.000024
0.000024
0.000025
0.000025
0.000024
0.000024
0.000024
0.000024
0.000025
0.000024
0.000025
0.000026
0.000026
0.000027
0.000025
0.000024
0.000024
0.000024
0.000025
0.000024
0.000024
0.000024
0.000024
0.000024
0.000024
0.000025
0.000025
0.000026
0.000025
0.000025
0.000025
0.000025
0.000025
0.000025
0.000025
0.000025
0.000025
0.000026
0.000025
0.000024
0.000024
0.000025
0.000024
0.000024
0.000024
0.000024
0.000024
0.000024
0.000024
0.000024
0.000024
0.000024
0.000025
0.000031
0.000034
0.000026
0.000026
0.000025
0.000024
0.000024
0.000025
0.000025
0.000025
0.000028
0.000026
0.000026
0.000025
0.000025
0.000024
0.000024
0.000024
0.000024
0.000024
0.000024
0.000024
0.000024
0.000024
0.000025
0.000025
0.000025
0.000025
0.000024
0.000024
0.000024
0.000025
0.000024
0.000025
0.000025
0.000025
0.000025
0.000024
0.000024
0.000024
0.000024
0.000024
0.000024
0.000025
0.000025
0.000025
0.000025
0.000026
0.000025
0.000025
0.000026
0.000026
0.000025
0.000025
0.000025
0.000024
0.000025
0.000024
0.000025
0.000025
0.000025
0.000025
0.000024
0.000025
0.000025
0.000026
0.000024
0.000025
0.000025
0.000025
0.000025
0.000025
0.000025
0.000024
0.000025
0.000024
0.000024
0.000024
0.000024
0.000025
0.000024
0.000024
0.000024
0.000024
0.000024
0.000024
0.000025
0.000025
0.000025
0.000025
0.000027
0.000027
0.000027
0.000025
0.000025
0.000027
0.000030
0.000026
0.000027
0.000025
0.000024
0.000024
0.000024
0.000024
0.000024
0.000024
0.000024
0.000024
0.000025
0.000024
0.000024
0.000024
0.000025
0.000027
0.000025
0.000025
0.000024
0.000025
0.000024
0.000024
0.000025
0.000024
0.000024
0.000024
0.000024
0.000024
0.000024
0.000025
0.000024
0.000024
0.000024
0.000024
0.000025
0.000025
0.000025
0.000025
0.000025
0.000026
0.000026
0.000025
0.000025
0.000025
0.000025
0.000027
0.000028
0.000027
0.000027
0.000024
0.000024
0.000025
0.000024
0.000024
0.000024
0.000025
0.000025
0.000025
0.000026
0.000025
0.000026
0.000026
0.000026
0.000025
0.000025
0.000025
0.000025
0.000024
0.000024
0.000024
0.000024
0.000024
0.000024
0.000024
0.000024
0.000025
0.000025
0.000026
0.000026
0.000025
0.000026
0.000025
0.000025
0.000025
0.000025
0.000026
0.000031
0.000026
0.000025
0.000024
0.000025
0.000025
0.000024
0.000024
0.000024
0.000024
0.000024
0.000025
0.000024
0.000024
0.000024
0.000024
0.000024
0.000024
0.000024
0.000024
0.000024
0.000024
0.000024
0.000024
0.000024
0.000024
0.000024
0.000024
0.000024
0.000024
0.000025
0.000025
0.000024
0.000024
0.000025
0.000024
0.000024
0.000024
0.000024
0.000024
0.000024
0.000024
0.000024
0.000024
0.000024
0.000025
0.000025
0.000025
0.000025
0.000024
0.000024
0.000024
0.000024
0.000024
0.000024
0.000024
0.000024
0.000024
0.000024
0.000025
0.000025
0.000029
0.000031
0.000025
0.000025
0.000025
0.000025
0.000024
0.000024
0.000024
0.000024
0.000024
0.000024
0.000024
0.000034
0.000071
0.930428
0.999842
0.999952
0.999911
0.999931
0.999061
0.999159
0.997498
0.999829
0.799603
0.000854
0.000076
0.000025
0.000024
0.000024
0.000025
0.000025
0.000024
0.000024
0.000024
0.000024
0.000024
0.000024
0.000024
0.000024
0.000024
0.000024
0.000024
0.000025
0.000024
0.000025
0.000026
0.000026
0.000026
0.000027
0.000028
0.000027
0.000025
0.000024
0.000024
0.000024
0.000024
0.000025
0.000024
0.000025
0.000026
0.000025
0.000024
0.000024
0.000024
0.000024
0.000024
0.000024
0.000024
0.000024
0.000024
0.000025
0.000025
0.000025
0.000025
0.000027
0.000026
0.000025
0.000025
0.000027
0.000025
0.000025
0.000024
0.000024
0.000024
0.000024
0.000024
0.000024
0.000025
0.000024
0.000025
0.000024
0.000024
0.000024
0.000025
0.000025
0.000027
0.000027
0.000025
0.000025
0.000024
0.000024
0.000024
0.000024
0.000024
0.000024
0.000024
0.000024
0.000024
0.000025
0.000024
0.000026
0.000025
0.000025
0.000026
0.000027
0.000028
0.000026
0.000026
0.000028
0.000044
0.000084
0.000118
0.000214
0.000050
0.000057
0.000113
0.000082
0.000040
0.000026
0.000025
0.000026
0.000028
0.000034
0.000191
0.000430
0.000067
0.000027
0.000027
0.000024
0.000024
0.000025
0.000024
0.000024
0.000024
0.000025
0.000024
0.000024
0.000024
0.000046
0.000124
0.000090
0.395545
0.396487
0.205182
0.801738
0.993154
0.001292
0.003008
0.000030
0.000026
0.000024
0.000026
0.000026
0.000026
0.000026
0.000026
0.000026
0.000026
0.000026
0.000025
0.000025
0.000024
0.000024
0.000024
0.000024
0.000024
0.000024
0.000024
0.000024
0.000024
0.000024
0.000025
0.000024
0.000024
0.000025
0.000025
0.000025
0.000024
0.000024
0.000024
0.000024
0.000024
0.000024
0.000024
0.000025
0.000025
0.000025
0.000026
0.000026
0.000026
0.000025
0.000025
0.000025
0.000025
0.000025
0.000025
0.000025
0.000025
0.000024
0.000024
0.000025
0.000025
0.000024
0.000024
0.000024
0.000024
0.000025
0.000025
0.000024
0.000024
0.000026
0.200052
0.395080
0.815784
0.999888
0.999908
0.996794
0.200606
0.000614
0.076093
0.199980
0.214074
0.242288
0.997939
0.998414
0.684038
0.351407
0.000040
0.000031
0.000027
0.000025
0.000025
0.000024
0.000024
0.000024
0.000025
0.000025
0.000025
0.000025
0.000025
0.000026
0.000025
0.000025
0.000024
0.000024
0.000024
0.000024
0.000024
0.000024
0.000024
0.000024
0.000024
0.000024
0.000024
0.000024
0.000028
0.000027
0.000026
0.000025
0.000024
0.000024
0.000024
0.000024
0.000024
0.000024
0.000025
0.000025
0.000025
0.000024
0.000024
0.000024
0.000024
0.000024
0.000024
0.000024
0.000025
0.000024
0.000024
0.000024
0.000024
0.000025
0.000024
0.000025
0.000025
0.000025
0.000025
0.000024
0.000025
0.000024
0.000024
0.000024
0.000025
0.000025
0.000024
0.000024
0.000024
0.000024
0.000024
0.000024
0.000024
0.000025
0.000024
0.000024
0.000024
0.000024
0.000025
0.000024
0.000024
0.000024
0.000024
0.000024
0.000024
0.000024
0.000024
0.000024
0.000024
0.000024
0.000025
0.000024
0.000024
0.000024
0.000025
0.000025
0.000024
0.000025
0.000024
0.000024
0.000024
0.000024
0.000025
0.000024
0.000025
0.000024
0.000024
0.000024
0.000024
0.000024
0.000024
0.000024
0.000024
0.000024
0.000024
0.000024
0.000024
0.000025
0.000025
0.000025
0.000024
0.000024
0.000024
0.000024
0.000024
0.000024
0.000025
0.000025
0.000024
0.000024
0.000024
0.000024
0.000024
0.000024
0.000025
0.000027
0.000027
0.000026
0.000025
0.000024
0.000024
0.000024
0.000025
0.000025
0.000027
0.000028
0.000026
0.000025
0.000025
0.000025
0.000025
0.000025
0.000025
0.000026
0.000033
0.000044
0.000026
0.000025
0.000024
0.000024
0.000024
0.000025
0.000025
0.000025
0.000025
0.000027
0.000075
0.000030
0.000025
0.000024
0.000024
0.000024
0.000024
0.000024
0.000024
0.000025
0.000025
0.000024
0.000024
0.000025
0.000025
0.000024
0.000024
0.000024
0.000024
0.000024
0.000024
0.000024
0.000025
0.000025
0.000025
0.000025
0.000025
0.000025
0.000024
0.000024
0.000024
0.000024
0.000024
0.000024
0.000025
0.000025
0.000024
0.000024
0.000024
0.000024
0.000024
0.000024
0.000024
0.000024
0.000025
0.000025
0.000025
0.000025
0.000024
0.000024
0.000024
0.000024
0.000024
0.000024
0.000024
0.000024
0.000024
0.000024
0.000024
0.000024
0.000024
0.000024
0.000024
0.000024
0.000024
0.000024
0.000024
0.000024
0.000024
0.000024
0.000024
0.000024
0.000024
0.000024
0.000024
0.000024
0.000024
0.000024
0.000024
0.000024
0.000027
0.000027
0.000026
0.000026
0.000026
0.000025
0.000024
0.000024
0.000025
0.000026
0.000025
0.000025
0.000025
0.000024
0.000024
0.000024
0.000025
0.000025
0.000025
0.000025
0.000025
0.000024
0.000024
0.000025
0.000025
0.000024
0.000024
0.000024
0.000025
0.000025
0.000025
0.000025
0.000025
0.000025
0.000026
0.000025
0.000025
0.000027
0.000026
0.000028
0.000026
0.000025
0.000025
0.000024
0.000025
0.000025
0.000025
0.000025
0.000025
0.000025
0.000025
0.000025
0.000024
0.000025
0.000025
0.000025
0.000024
0.000024
0.000024
0.000024
0.000025
0.000024
0.000025
0.000025
0.000028
0.000025
0.000025
0.000025
0.000024
0.000024
0.000025
0.000025
0.000025
0.000025
0.000025
0.000025
0.000025
0.000025
0.000026
0.000025
0.000025
0.000025
0.000025
0.000025
0.000026
0.000026
0.000026
0.000025
0.000025
0.000024
0.000025
0.000025
0.000028
0.000026
0.000025
0.000025
0.000025
0.000024
0.000024
0.000024
0.000024
0.000024
0.000025
0.000024
0.000025
0.000024
0.000025
0.000024
0.000025
0.000025
0.000025
0.000025
0.000025
0.000025
0.000024
0.000024
0.000024
0.000024
0.000024
0.000024
0.000025
0.000025
0.000025
0.000025
0.000024
0.000024
0.000024
0.000024
0.000024
0.000024
0.000024
0.000024
0.000024
0.000024
0.000024
0.000025
0.000024
0.000025
0.000025
0.000025
0.000024
0.000024
0.000024
0.000024
0.000024
0.000025
0.000025
0.000025
0.000025
0.000025
0.000024
0.000024
0.000024
0.000025
0.000024
0.000025
0.000025
0.000025
0.000025
0.000025
0.000025
0.000025
0.000025
0.198552
0.201007
0.199912
0.399920
0.184685
0.000302
0.000054
0.000028
0.000027
0.000026
0.000025
0.000025
0.000025
0.000024
0.000025
0.000024
0.000024
0.000024
0.000025
0.000024
0.000025
0.000025
0.000025
0.000025
0.000024
0.000024
0.000024
0.000024
0.000025
0.000025
0.000025
0.000024
0.000025
0.000024
0.000024
0.000024
0.000024
0.000024
0.000024
0.000024
0.000024
0.000024
0.000024
0.000025
0.000024
0.000024
0.000024
0.000024
0.000024
0.000024
0.000024
0.000024
0.000024
0.000024
0.000025
0.000024
0.000025
0.000025
0.000024
0.000025
0.000024
0.000024
0.000025
0.000025
0.000025
0.000024
0.000025
0.000025
0.000025
0.000025
0.000024
0.000024
0.000024
0.000024
0.000024
0.000024
0.000024
0.000024
0.000025
0.000025
0.000025
0.000025
0.000025
0.000024
0.000024
0.000024
0.000024
0.000024
0.000025
0.000025
0.000025
0.000024
0.000025
0.000025
0.000024
0.000024
0.000024
0.000024
0.000024
0.000024
0.000025
0.000024
0.000025
0.000024
0.000024
0.000024
0.000024
0.000024
0.000024
0.000024
0.000024
0.000024
0.000024
0.000025
0.000025
0.000024
0.000024
0.000024
0.000026
0.000025
0.000026
0.000025
0.000025
0.000026
0.000027
0.000038
0.000080
0.000154
0.112233
0.000247
0.000084
0.000036
0.000031
0.000037
0.000072
0.764458
0.372367
0.209908
0.000071
0.000025
0.000024
0.000024
0.000024
0.000024
0.000024
0.000024
0.000024
0.000024
0.000024
0.000024
0.000024
0.000024
0.000024
0.000024
0.000024
0.000024
0.000024
0.000025
0.000029
0.000048
0.000026
0.000025
0.000024
0.000024
0.000024
0.000024
0.000024
0.000024
0.000024
0.000024
0.000025
0.000024
0.000025
0.000026
0.000025
0.000025
0.000024
0.000024
0.000024
0.000024
0.000024
0.000024
0.000024
0.000024
0.000025
0.000025
0.000025
0.000025
0.000025
0.000025
0.000025
0.000025
0.000025
0.000024
0.000024
0.000024
0.000024
0.000024
0.000024
0.000024
0.000024
0.000024
0.000027
0.000040
0.000041
0.000036
0.000039
0.000032
0.000027
0.000027
0.000026
0.000028
0.000029
0.000035
0.000037
0.000030
0.000030
0.000025
0.000025
0.000024
0.000025
0.000024
0.000025
0.000024
0.000024
0.000024
0.000024
0.000024
0.000024
0.000024
0.000024
0.000024
0.000025
0.000033
0.000032
0.000025
0.000025
0.000026
0.000025
0.000025
0.000025
0.000025
0.000024
0.000024
0.000025
0.000027
0.000026
0.000025
0.000024
0.000024
0.000024
0.000024
0.000024
0.000027
0.000029
0.000027
0.000025
0.000027
0.000025
0.000025
0.000026
0.000034
0.000212
0.000160
0.000065
0.000047
0.000047
0.000029
0.000055
0.000043
0.000032
0.000032
0.000026
0.000024
0.000024
0.000024
0.000026
0.000033
0.000068
0.000108
0.000049
0.000032
0.000033
0.000032
0.000026
0.000025
0.000027
0.000026
0.000025
0.000024
0.000025
0.000025
0.000025
0.000026
0.000025
0.000025
0.000025
0.000025
0.000025
0.000025
0.000025
0.000025
0.000025
0.000025
0.000025
0.000025
0.000025
0.000025
0.000024
0.000024
0.000024
0.000024
0.000024
0.000025
0.000025
0.000025
0.000024
0.000024
0.000024
0.000025
0.000025
0.000024
0.000024
0.000024
0.000025
0.000024
0.000025
0.000025
0.000024
0.000024
0.000024
0.000024
0.000024
0.000024
0.000024
0.000024
0.000025
0.000024
0.000025
0.000025
0.000024
0.000024
0.000024
0.000024
0.000025
0.000024
0.000024
0.000025
0.000024
0.000024
0.000024
0.000024
0.000024
0.000025
0.000024
0.000025
0.000026
0.000026
0.000032
0.000026
0.000025
0.000024
0.000025
0.000025
0.000024
0.000024
0.000024
0.000026
0.000025
0.000026
0.000025
0.000030
0.000025
0.000025
0.000025
0.000025
0.000026
0.000027
0.000029
0.000029
0.000030
0.000025
0.000024
0.000024
0.000024
0.000024
0.000027
0.000058
0.998894
0.602204
0.599068
0.829766
0.999625
0.999932
0.999907
0.999704
0.204012
0.199017
0.194466
0.000091
0.001762
0.438008
0.694324
0.998676
0.853872
0.398851
0.000149
0.000157
0.000050
0.000028
0.000024
0.000024
0.000024
0.000024
0.000024
0.000025
0.000024
0.000025
0.000025
0.000025
0.000026
0.000026
0.000026
0.000026
0.000025
0.000025
0.000025
0.000025
0.000026
0.000024
0.000024
0.000024
0.000024
0.000025
0.000025
0.000024
0.000024
0.000024
0.000024
0.000024
0.000024
0.000026
0.000025
0.000026
0.000025
0.000025
0.000025
0.000025
0.000024
0.000024
0.000024
0.000024
0.000024
0.000024
0.000024
0.000024
0.000024
0.000025
0.000025
0.000026
0.000028
0.000030
0.000025
0.000024
0.000025
0.000025
0.000025
0.000029
0.000110
0.000033
0.000027
0.000025
0.000025
0.000025
0.000025
0.000025
0.000024
0.000024
0.000024
0.000024
0.000024
0.000025
0.000024
0.000025
0.000026
0.000025
0.000025
0.000024
0.000024
0.000024
0.000024
0.000024
0.000024
0.000025
0.000024
0.000024
0.000024
0.000024
0.000024
0.000025
0.000024
0.000024
0.000025
0.000024
0.000024
0.000025
0.000037
0.000114
0.000170
0.944778
0.502680
0.000711
0.000423
0.000030
0.000025
0.000031
0.000033
0.000028
0.000029
0.000028
0.000025
0.000040
0.000038
0.000050
0.407339
0.399577
0.000126
0.000053
0.000025
0.000025
0.000025
0.000025
0.000024
0.000024
0.000024
0.000024
0.000024
0.000024
0.000024
0.000024
0.000024
0.000024
0.000025
0.000025
0.000025
0.000025
0.000026
0.000025
0.000024
0.000025
0.000024
0.000024
0.000025
0.000024
0.000024
0.000026
0.000027
0.000029
0.000029
0.000029
0.000025
0.000025
0.000024
0.000024
0.000024
0.000024
0.000024
0.000025
0.000028
0.000028
0.000031
0.000028
0.000025
0.000026
0.000025
0.000024
0.000025
0.000024
0.000025
0.000026
0.000025
0.000025
0.000025
0.000024
0.000024
0.000024
0.000024
0.000024
0.000024
0.000027
0.000026
0.000026
0.000025
0.000024
0.000024
0.000024
0.000024
0.000024
0.000024
0.000024
0.000024
0.000024
0.000024
0.000024
0.000025
0.000026
0.000025
0.000025
0.000024
0.000024
0.000024
0.000025
0.000025
0.000025
0.000025
0.000025
0.000027
0.000026
0.000030
0.000027
0.000030
0.000374
0.595738
0.799999
0.799015
0.999316
0.998081
0.999820
0.999699
0.998627
0.999748
0.999812
0.999258
0.648444
0.003871
0.000026
0.000026
0.000026
0.000024
0.000024
0.000027
0.000031
0.000041
0.999302
0.999906
0.999897
0.999844
0.998105
0.000237
0.000025
0.000025
0.000025
0.000025
0.000025
0.000025
0.000025
0.000024
0.000024
0.000024
0.000024
0.000024
0.000024
0.000024
0.000024
0.000025
0.000025
0.000024
0.000024
0.000024
0.000024
0.000024
0.000024
0.000024
0.000024
0.000024
0.000024
0.000024
0.000024
0.000024
0.000024
0.000024
0.000024
0.000024
0.000024
0.000024
0.000024
0.000024
0.000024
0.000024
0.000024
0.000024
0.000024
0.000025
0.000025
0.000024
0.000024
0.000026
0.000024
0.000024
0.000024
0.000024
0.000024
0.000024
0.000024
0.000024
0.000025
0.000024
0.000024
0.000025
0.000025
0.000025
0.000032
0.000149
0.994868
0.999349
0.283835
0.000055
0.000033
0.000043
0.000077
0.005940
0.998740
0.999224
0.999737
0.999413
0.555254
0.000058
0.000027
0.000025
0.000024
0.000024
0.000024
0.000024
0.000024
0.000024
0.000025
0.000024
0.000024
0.000024
0.000024
0.000024
0.000024
0.000024
0.000024
0.000024
0.000024
0.000024
0.000024
0.000024
0.000025
0.000024
0.000025
0.000025
0.000025
0.000025
0.000024
0.000024
0.000024
0.000024
0.000025
0.000025
0.000025
0.000025
0.000025
0.000024
0.000024
0.000024
0.000024
0.000024
0.000024
0.000024
0.000025
0.000024
0.000024
0.000024
0.000024
0.000024
0.000024
0.000024
0.000024
0.000024
0.000024
0.000024
0.000024
0.000025
0.000024
0.000024
0.000024
0.000024
0.000024
0.000024
0.000025
0.000025
0.000025
0.000025
0.000024
0.000024
0.000024
0.000024
0.000024
0.000024
0.000024
0.000024
0.000024
0.000024
0.000024
0.000024
0.000024
0.000024
0.000024
0.000024
0.000024
0.000025
0.000024
0.000024
0.000024
0.000024
0.000024
0.000024
0.000025
0.000025
0.000025
0.000024
0.000025
0.000024
0.000024
0.000024
0.000024
0.000024
0.000024
0.000025
0.000025
0.000025
0.000025
0.000024
0.000026
0.000026
0.000025
0.000026
0.000024
0.000024
0.000025
0.000025
0.000025
0.000025
0.000025
0.000025
0.000026
0.000025
0.000025
0.000025
0.000025
0.000025
0.000028
0.000027
0.000029
0.000030
0.000027
0.000026
0.000025
0.000025
0.000024
0.000025
0.000025
0.000025
0.000025
0.000025
0.000024
0.000025
0.000025
0.000025
0.000025
0.000024
0.000025
0.000025
0.000025
0.000025
0.000027
0.000026
0.000025
0.000025
0.000024
0.000024
0.000024
0.000024
0.000024
0.000024
0.000025
0.000024
0.000024
0.000025
0.000025
0.000025
0.000029
0.000028
0.000025
0.000027
0.000024
0.000024
0.000024
0.000024
0.000024
0.000025
0.000025
0.000025
0.000025
0.000025
0.000026
0.000025
0.000025
0.000025
0.000024
0.000025
0.000031
0.000029
0.000025
0.000025
0.000025
0.000025
0.000025
0.000027
0.000026
0.000026
0.000025
0.000025
0.000025
0.000025
0.000025
0.000027
0.000028
0.000028
0.000029
0.000030
0.000044
0.000092
0.002059
0.000072
0.000028
0.000024
0.000025
0.000024
0.000024
0.000025
0.000024
0.000025
0.000025
0.000026
0.000025
0.000026
0.000025
0.000025
0.000025
0.000025
0.000025
0.000027
0.000027
0.000029
0.000029
0.000025
0.000025
0.000025
0.000025
0.000025
0.000025
0.000025
0.000027
0.000032
0.000053
0.000056
0.000033
0.000025
0.000025
0.000024
0.000026
0.000026
0.000025
0.000026
0.000029
0.000026
0.000025
0.000026
0.000027
0.000027
0.000031
0.000042
0.000086
0.000092
0.000038
0.000040
0.000029
0.000028
0.000026
0.000026
0.000026
0.000028
0.000053
0.000130
0.000143
0.000040
0.000030
0.000041
0.000041
0.000036
0.000051
0.000035
0.000035
0.000028
0.000027
0.000029
0.000027
0.000025
0.000025
0.000025
0.000026
0.000025
0.000025
0.000025
0.000025
0.000025
0.000024
0.000024
0.000025
0.000026
0.000026
0.000025
0.000025
0.000024
0.000024
0.000024
0.000024
0.000024
0.000028
0.000029
0.000025
0.000024
0.000024
0.000024
0.000024
0.000025
0.000025
0.000025
0.000025
0.000025
0.000025
0.000024
0.000024
0.000024
0.000025
0.000024
0.000024
0.000024
0.000024
0.000024
0.000025
0.000024
0.000028
0.000024
0.000024
0.000024
0.000026
0.000025
0.000026
0.000025
0.000026
0.000025
0.000034
0.000040
0.000037
0.000035
0.000026
0.000024
0.000024
0.000024
0.000025
0.000025
0.000025
0.000025
0.000026
0.000025
0.000025
0.000027
0.000025
0.000025
0.000025
0.000025
0.000024
0.000025
0.000024
0.000024
0.000026
0.000024
0.000024
0.000024
0.000024
0.000025
0.000025
0.000026
0.000025
0.000025
0.000029
0.001561
0.000093
0.000058
0.000026
0.000024
0.000025
0.000026
0.000025
0.000028
0.000025
0.000025
0.000025
0.000026
0.000026
0.000025
0.000026
0.000025
0.000024
0.000024
0.000024
0.000024
0.000025
0.000024
0.000024
0.000024
0.000024
0.000024
0.000024
0.000024
0.000024
0.000024
0.000024
0.000025
0.000025
0.000025
0.000027
0.000026
0.000032
0.000031
0.000027
0.000025
0.000025
0.000025
0.000024
0.000025
0.000024
0.000025
0.000026
0.000026
0.000027
0.000026
0.000026
0.000025
0.000025
0.000025
0.000025
0.000025
0.000024
0.000025
0.000024
0.000024
0.000024
0.000024
0.000024
0.000025
0.000025
0.000029
0.000028
0.000029
0.000032
0.000026
0.000025
0.000027
0.000026
0.000026
0.000025
0.000024
0.000024
0.000025
0.000025
0.000033
0.000028
0.000050
0.000040
0.000025
0.000025
0.000025
0.000025
0.000026
0.000027
0.000030
0.000031
0.000028
0.000029
0.000026
0.000025
0.000025
0.000025
0.000024
0.000024
0.000024
0.000024
0.000025
0.000025
0.000026
0.000025
0.000024
0.000025
0.000025
0.000025
0.000024
0.000024
0.000024
0.000024
0.000025
0.000025
0.000025
0.000025
0.000025
0.000024
0.000024
0.000025
0.000025
0.000025
0.000026
0.000025
0.000025
0.000025
0.000025
0.000025
0.000025
0.000025
0.000026
0.000026
0.000025
0.000025
0.000025
0.000025
0.000025
0.000025
0.000024
0.000024
0.000024
0.000024
0.000024
0.000024
0.000024
0.000025
0.000024
0.000024
0.000025
0.000025
0.000025
0.000025
0.000025
0.000025
0.000025
0.000025
0.000025
0.000025
0.000026
0.000025
0.000027
0.000025
0.000025
0.000025
0.000025
0.000025
0.000025
0.000024
0.000024
0.000024
0.000024
0.000024
0.000024
0.000024
0.000024
0.000024
0.000024
0.000024
0.000024
0.000025
0.000046
0.000045
0.000032
0.000028
0.000027
0.000025
0.000025
0.000025
0.000026
0.000025
0.000025
0.000024
0.000024
0.000024
0.000025
0.000025
0.000025
0.000025
0.000025
0.000024
0.000024
0.000025
0.000029
0.000026
0.000028
0.000025
0.000025
0.000025
0.000025
0.000025
0.000025
0.000024
0.000025
0.000024
0.000024
0.000024
0.000024
0.000024
0.000024
0.000024
0.000024
0.000025
0.000025
0.000025
0.000025
0.000025
0.000025
0.000025
0.000025
0.000024
0.000024
0.000024
0.000024
0.000024
0.000025
0.000025
0.000025
0.000024
0.000025
0.000026
0.000027
0.000027
0.000027
0.000027
0.000026
0.000025
0.000025
0.000025
0.000025
0.000026
0.000025
0.000025
0.000024
0.000025
0.000025
0.000025
0.000025
0.000027
0.000026
0.000025
0.000024
0.000024
0.000024
0.000024
0.000025
0.000026
0.000026
0.000025
0.000024
0.000024
0.000024
0.000024
0.000024
0.000024
0.000024
0.000024
0.000025
0.000025
0.000025
0.000025
0.000027
0.000025
0.000025
0.000025
0.000024
0.000024
0.000024
0.000025
0.000024
0.000024
0.000025
0.000024
0.000024
0.000024
0.000024
0.000024
0.000024
0.000024
0.000024
0.000024
0.000025
0.000025
0.000024
0.000024
0.000024
0.000025
0.000025
0.000025
0.000025
0.000024
0.000024
0.000024
0.000024
0.000024
0.000024
0.000024
0.000024
0.000024
0.000025
0.000024
0.000025
0.000025
0.000026
0.000025
0.000024
0.000024
0.000025
0.000025
0.000024
0.000024
0.000025
0.000025
0.000026
0.000025
0.000025
0.000026
0.000026
0.000027
0.000027
0.000026
0.000024
0.000024
0.000024
0.000024
0.000024
0.000024
0.000024
0.000024
0.000024
0.000025
0.000025
0.000025
0.000024
0.000024
0.000025
0.000025
0.000025
0.000025
0.000025
0.000024
0.000024
0.000024
0.000024
0.000024
0.000024
0.000024
0.000024
0.000024
0.000024
0.000024
0.000025
0.000025
0.000025
0.000024
0.000024
0.000024
0.000024
0.000024
0.000024
0.000024
0.000024
0.000024
0.000025
0.000025
0.000024
0.000024
0.000024
0.000024
0.000025
0.000025
0.000024
0.000024
0.000024
0.000025
0.000025
0.000026
0.000026
0.000028
0.000027
0.000026
0.000024
0.000024
0.000024
0.000025
0.000031
0.000036
0.000265
0.177451
0.000038
0.000025
0.000026
0.000025
0.000025
0.000025
0.000025
0.000025
0.000025
0.000027
0.000069
0.999798
0.999949
0.999962
0.999964
0.999959
0.999935
0.999926
0.999842
0.998865
0.992850
0.997516
0.982797
0.800605
0.999208
0.799380
0.000061
0.000027
0.000024
0.000024
0.000024
0.000024
0.000024
0.000024
0.000025
0.000025
0.000025
0.000025
0.000025
0.000024
0.000024
0.000024
0.000024
0.000024
0.000025
0.000025
0.000025
0.000024
0.000024
0.000024
0.000024
0.000024
0.000024
0.000024
0.000024
0.000037
0.000110
0.997950
0.999919
0.999867
0.644257
0.194241
0.983842
0.001627
0.999306
0.989877
0.201978
0.999686
0.999862
0.999934
0.999957
0.999953
0.999866
0.204771
0.000128
0.000027
0.000025
0.000024
0.000024
0.000024
0.000024
0.000024
0.000024
0.000024
0.000024
0.000025
0.000024
0.000024
0.000024
0.000024
0.000024
0.000025
0.000024
0.000025
0.000024
0.000024
0.000025
0.000024
0.000024
0.000024
0.000024
0.000025
0.000025
0.000025
0.000024
0.000024
0.000024
0.000024
0.000024
0.000024
0.000024
0.000024
0.000024
0.000024
0.000024
0.000024
0.000024
0.000025
0.000025
0.000025
0.000025
0.000024
0.000025
0.000024
0.000024
0.000024
0.000025
0.000024
0.000025
0.000025
0.000025
0.000024
0.000024
0.000024
0.000024
0.000024
0.000024
0.000024
0.000024
0.000025
0.000025
0.000025
0.000024
0.000025
0.000024
0.000024
0.000024
0.000024
0.000025
0.000025
0.000025
0.000025
0.000025
0.000025
0.000024
0.000024
0.000024
0.000025
0.000024
0.000025
0.000025
0.000025
0.000024
0.000025
0.000024
0.000024
0.000024
0.000024
0.000024
0.000025
0.000025
0.000024
0.000024
0.000024
0.000024
0.000024
0.000027
0.000038
0.000037
0.000041
0.000567
0.409340
0.999120
0.998968
0.990285
0.998135
0.797753
0.814098
0.000126
0.000034
0.000040
0.000059
0.000346
0.004487
0.000396
0.001097
0.000096
0.000054
0.000025
0.000025
0.000025
0.000025
0.000028
0.000032
0.000034
0.000030
0.000032
0.000026
0.000025
0.000026
0.000027
0.000034
0.000029
0.000026
0.000025
0.000024
0.000024
0.000024
0.000024
0.000025
0.000025
0.000024
0.000024
0.000025
0.000024
0.000025
0.000025
0.000025
0.000026
0.000025
0.000025
0.000025
0.000025
0.000025
0.000025
0.000039
0.000307
0.405793
0.818940
0.999399
0.900232
0.999448
0.999843
0.999944
0.999946
0.997792
0.000817
0.009487
0.415788
0.997141
0.413187
0.388415
0.097723
0.000027
0.000027
0.000026
0.000026
0.000025
0.000025
0.000024
0.000025
0.000024
0.000024
0.000024
0.000025
0.000025
0.000024
0.000025
0.000025
0.000025
0.000025
0.000026
0.000026
0.000025
0.000025
0.000024
0.000025
0.000025
0.000025
0.000024
0.000025
0.000027
0.000025
0.000025
0.000025
0.000024
0.000024
0.000025
0.000025
0.000027
0.000025
0.000034
0.000026
0.000026
0.000026
0.000028
0.000025
0.000026
0.000025
0.000025
0.000025
0.000024
0.000024
0.000024
0.000024
0.000024
0.000025
0.000025
0.000025
0.000025
0.000025
0.000025
0.000028
0.000025
0.000025
0.000025
0.000024
0.000024
0.000024
0.000024
0.000024
0.000024
0.000024
0.000025
0.000025
0.000024
0.000034
0.000032
0.000030
0.000025
0.000024
0.000024
0.000024
0.000024
0.000024
0.000025
0.000024
0.000024
0.000024
0.000024
0.000024
0.000024
0.000025
0.000026
0.000026
0.000025
0.000025
0.000024
0.000024
0.000024
0.000026
0.000030
0.000025
0.000025
0.000024
0.000024
0.000024
0.000024
0.000025
0.000032
0.000030
0.000027
0.000025
0.000024
0.000024
0.000024
0.000024
0.000024
0.000025
0.000024
0.000024
0.000024
0.000025
0.000024
0.000024
0.000024
0.000025
0.000025
0.000025
0.000026
0.000025
0.000025
0.000025
0.000025
0.000025
0.000025
0.000025
0.000025
0.000025
0.000025
0.000025
0.000025
0.000025
0.000024
0.000025
0.000025
0.000025
0.000026
0.000025
0.000024
0.000026
0.000034
0.000143
0.000117
0.000031
0.000026
0.000025
0.000025
0.000024
0.000024
0.000025
0.000024
0.000024
0.000027
0.000093
0.399487
0.400819
0.418065
0.984368
0.999702
0.999960
0.999945
0.999809
0.566443
0.000427
0.000049
0.000050
0.000027
0.000025
0.000024
0.000024
0.000024
0.000024
0.000024
0.000024
0.000024
0.000024
0.000024
0.000025
0.000024
0.000024
0.000024
0.000024
0.000025
0.000025
0.000026
0.000026
0.000025
0.000024
0.000024
0.000024
0.000024
0.000024
0.000026
0.000026
0.000026
0.000026
0.000042
0.000026
0.000026
0.000025
0.000024
0.000024
0.000024
0.000025
0.000024
0.000025
0.000025
0.000025
0.000025
0.000025
0.000025
0.000024
0.000025
0.000025
0.000025
0.000025
0.000026
0.000025
0.000025
0.000024
0.000024
0.000024
0.000024
0.000024
0.000024
0.000024
0.000024
0.000024
0.000024
0.000024
0.000024
0.000024
0.000024
0.000024
0.000024
0.000024
0.000024
0.000024
0.000025
0.000037
0.009506
0.982502
0.199785
0.000032
0.000027
0.000030
0.000028
0.000031
0.000035
0.000039
0.000100
0.000075
0.000098
0.003900
0.196397
0.661923
0.802618
0.494332
0.199465
0.200251
0.000083
0.000055
0.000025
0.000025
0.000024
0.000025
0.000025
0.000025
0.000025
0.000025
0.000025
0.000025
0.000024
0.000024
0.000024
0.000024
0.000025
0.000025
0.000025
0.000025
0.000025
0.000025
0.000025
0.000024
0.000024
0.000024
0.000024
0.000025
0.000025
0.000024
0.000024
0.000024
0.000024
0.000024
0.000024
0.000024
0.000024
0.000024
0.000024
0.000024
0.000024
0.000024
0.000024
0.000024
0.000025
0.000025
0.000025
0.000025
0.000027
0.000026
0.000025
0.000025
0.000024
0.000025
0.000024
0.000025
0.000024
0.000025
0.000024
0.000024
0.000024
0.000025
0.000025
0.000026
0.000025
0.000025
0.000025
0.000024
0.000024
0.000024
0.000024
0.000024
0.000024
0.000025
0.000025
0.000024
0.000024
0.000024
0.000024
0.000024
0.000024
0.000025
0.000025
0.000025
0.000025
0.000025
0.000025
0.000024
0.000024
0.000024
0.000024
0.000025
0.000025
0.000025
0.000026
0.000024
0.000024
0.000024
0.000024
0.000024
0.000024
0.000025
0.000027
0.000028
0.000035
0.000025
0.000024
0.000024
0.000024
0.000024
0.000024
0.000024
0.000024
0.000024
0.000024
0.000025
0.000026
0.000025
0.000028
0.000025
0.000025
0.000024
0.000025
0.000026
0.000029
0.000032
0.000033
0.000031
0.000028
0.000026
0.000026
0.000025
0.000025
0.000025
0.000027
0.000048
0.000050
0.000026
0.000026
0.000025
0.000025
0.000025
0.000024
0.000025
0.000026
0.000026
0.000028
0.000028
0.000028
0.000025
0.000024
0.000025
0.000024
0.000024
0.000025
0.000024
0.000025
0.000024
0.000024
0.000024
0.000024
0.000025
0.000026
0.000026
0.000026
0.000025
0.000026
0.000025
0.000034
0.000025
0.000025
0.000024
0.000026
0.000026
0.000026
0.000027
0.000026
0.000025
0.000024
0.000024
0.000024
0.000024
0.000024
0.000024
0.000025
0.000024
0.000024
0.000024
0.000024
0.000024
0.000025
0.000026
0.000025
0.000026
0.000027
0.000025
0.000026
0.000025
0.000024
0.000025
0.000025
0.000025
0.000029
0.000307
0.406455
0.792583
0.600781
0.402568
0.903490
0.999827
0.999721
0.998160
0.208877
0.000075
0.000548
0.933912
0.999650
0.999569
0.750463
0.723111
0.000045
0.464396
0.527714
0.999689
0.200004
0.000409
0.000027
0.000025
0.000024
0.000025
0.000024
0.000024
0.000024
0.000024
0.000025
0.000024
0.000025
0.000025
0.000025
0.000025
0.000025
0.000025
0.000024
0.000024
0.000024
0.000024
0.000024
0.000024
0.000024
0.000024
0.000025
0.000025
0.000025
0.000025
0.000025
0.000025
0.000024
0.000024
0.000024
0.000024
0.000024
0.000025
0.000024
0.000024
0.000024
0.000024
0.000024
0.000024
0.000025
0.000025
0.000025
0.000024
0.000025
0.000024
0.000024
0.000024
0.000024
0.000024
0.000024
0.000024
0.000024
0.000024
0.000024
0.000025
0.000024
0.000024
0.000024
0.000024
0.000024
0.000024
0.000024
0.000024
0.000024
0.000024
0.000024
0.000024
0.000026
0.000025
0.000025
0.000024
0.000030
0.000070
0.342744
0.799579
0.999527
0.999870
0.634241
0.403695
0.197521
0.998683
0.999292
0.999248
0.844470
0.915578
0.086857
0.000450
0.000034
0.000027
0.000024
0.000024
0.000024
0.000024
0.000025
0.000025
0.000028
0.000029
0.000024
0.000024
0.000024
0.000024
0.000024
0.000025
0.000025
0.000026
0.000024
0.000024
0.000024
0.000025
0.000026
0.000025
0.000025
0.000025
0.000025
0.000025
0.000025
0.000024
0.000024
0.000025
0.000024
0.000024
0.000024
0.000024
0.000024
0.000025
0.000025
0.000026
0.000026
0.000026
0.000026
0.000025
0.000026
0.000026
0.000025
0.000026
0.000025
0.000025
0.000025
0.000025
0.000025
0.000026
0.000029
0.000031
0.000029
0.000029
0.000032
0.000076
0.000073
0.000026
0.000025
0.000024
0.000024
0.000024
0.000024
0.000027
0.000024
0.000024
0.000024
0.000024
0.000024
0.000024
0.000025
0.000024
0.000024
0.000025
0.000024
0.000024
0.000025
0.000025
0.000024
0.000025
0.000024
0.000024
0.000024
0.000024
0.000024
0.000024
0.000024
0.000025
0.000025
0.000025
0.000028
0.000025
0.000025
0.000025
0.000031
0.000028
0.000027
0.000024
0.000024
0.000024
0.000024
0.000024
0.000024
0.000024
0.000025
0.000024
0.000024
0.000025
0.000024
0.000024
0.000025
0.000029
0.000026
0.000026
0.000027
0.000027
0.000027
0.000028
0.000028
0.000027
0.000025
0.000024
0.000024
0.000024
0.000026
0.000025
0.000025
0.000024
0.000024
0.000025
0.000025
0.000025
0.000025
0.000025
0.000025
0.000025
0.000025
0.000025
0.000025
0.000025
0.000025
0.000025
0.000024
0.000024
0.000024
0.000025
0.000025
0.000025
0.000025
0.000026
0.000026
0.000025
0.000025
0.000054
0.000784
0.405244
0.001360
0.800136
0.000061
0.000058
0.000059
0.000024
0.000024
0.000024
0.000024
0.000024
0.000024
0.000024
0.000024
0.000025
0.000026
0.000025
0.000053
0.000027
0.000025
0.000025
0.000025
0.000024
0.000025
0.000025
0.000024
0.000024
0.000024
0.000025
0.000025
0.000025
0.000025
0.000025
0.000025
0.000024
0.000024
0.000024
0.000024
0.000025
0.000039
0.399587
0.999761
0.999581
0.999831
0.999218
0.999611
0.998990
0.999863
0.999516
0.438611
0.000224
0.002716
0.518572
0.999649
0.999862
0.999722
0.999404
0.998671
0.999870
0.999733
0.996054
0.948478
0.772605
0.998936
0.999878
0.999933
0.999813
0.999730
0.392120
0.000228
0.000027
0.000025
0.000027
0.000025
0.000024
0.000024
0.000024
0.000024
0.000025
0.000024
0.000034
0.000027
0.000025
0.000025
0.000025
0.000025
0.000025
0.000024
0.000024
0.000026
0.000027
0.000026
0.000025
0.000025
0.000024
0.000024
0.000025
0.000025
0.000026
0.000025
0.000024
0.000024
0.000024
0.000024
0.000024
0.000025
0.000025
0.000025
0.000025
0.000025
0.000025
0.000025
0.000024
0.000024
0.000024
0.000024
0.000024
0.000024
0.000026
0.000025
0.000024
0.000024
0.000025
0.000025
0.000025
0.000025
0.000026
0.000026
0.000024
0.000024
0.000024
0.000024
0.000025
0.000025
0.000025
0.000025
0.000025
0.000024
0.000024
0.000024
0.000025
0.000025
0.000024
0.000024
0.000025
0.000026
0.000025
0.000025
0.000024
0.000024
0.000024
0.000024
0.000024
0.000024
0.000025
0.000025
0.000025
0.000024
0.000025
0.000026
0.000027
0.000027
0.000029
0.000031
0.000025
0.000025
0.000025
0.000024
0.000025
0.000026
0.000026
0.000025
0.000025
0.000025
0.000026
0.000026
0.000025
0.000027
0.000025
0.000025
0.000025
0.000025
0.000025
0.000025
0.000025
0.000025
0.000025
0.000025
0.000025
0.000025
0.000026
0.000028
0.000052
0.540325
0.000698
0.988905
0.199005
0.002215
0.005867
0.137017
0.999898
0.999949
0.999917
0.999518
0.601933
0.000029
0.000025
0.000025
0.000025
0.000024
0.000024
0.000024
0.000024
0.000024
0.000025
0.000025
0.000028
0.000025
0.000026
0.000025
0.000025
0.000024
0.000024
0.000025
0.000025
0.000025
0.000025
0.000025
0.000032
0.000037
0.000061
0.000026
0.000024
0.000024
0.000024
0.000024
0.000027
0.000044
0.000031
0.000026
0.000025
0.000026
0.000026
0.000027
0.000025
0.000026
0.000024
0.000024
0.000024
0.000025
0.000025
0.000025
0.000026
0.000026
0.000025
0.000025
0.000024
0.000024
0.000024
0.000025
0.000024
0.000024
0.000024
0.000024
0.000024
0.000024
0.000024
0.000024
0.000025
0.000024
0.000024
0.000025
0.000027
0.000026
0.000026
0.000026
0.000024
0.000025
0.000025
0.000024
0.000024
0.000024
0.000024
0.000024
0.000024
0.000024
0.000025
0.000024
0.000025
0.000025
0.000024
0.000026
0.000026
0.000025
0.000024
0.000024
0.000024
0.000024
0.000024
0.000024
0.000024
0.000024
0.000024
0.000024
0.000024
0.000024
0.000024
0.000024
0.000025
0.000024
0.000025
0.000025
0.000024
0.000025
0.000024
0.000025
0.000024
0.000024
0.000024
0.000024
0.000024
0.000024
0.000024
0.000025
0.000030
0.000034
0.000028
0.000036
0.000025
0.000024
0.000024
0.000024
0.000024
0.000024
0.000024
0.000024
0.000025
0.000024
0.000024
0.000024
0.000024
0.000024
0.000025
0.000024
0.000024
0.000024
0.000024
0.000024
0.000025
0.000025
0.000025
0.000025
0.000026
0.000276
0.999763
0.999947
0.999959
0.999958
0.999964
0.999964
0.999955
0.999900
0.999623
0.797129
0.974122
0.999634
0.999828
0.999865
0.985943
0.000079
0.000026
0.000025
0.000025
0.000024
0.000024
0.000024
0.000024
0.000024
0.000024
0.000024
0.000024
0.000024
0.000025
0.000025
0.000025
0.000025
0.000025
0.000025
0.000026
0.000030
0.000072
0.000172
0.000056
0.000039
0.000034
0.000025
0.000025
0.000024
0.000025
0.000025
0.000026
0.000046
0.000046
0.000041
0.000036
0.000035
0.000033
0.000028
0.000034
0.000050
0.000039
0.000027
0.000028
0.000036
0.000034
0.000032
0.191516
0.000052
0.000030
0.000025
0.000026
0.000025
0.000028
0.000026
0.000025
0.000025
0.000026
0.000027
0.000025
0.000027
0.000029
0.000027
0.000028
0.000026
0.000025
0.000024
0.000025
0.000024
0.000024
0.000024
0.000025
0.000025
0.000026
0.000025
0.000024
0.000025
0.000025
0.000025
0.000025
0.000026
0.000026
0.000027
0.000034
0.000405
0.200290
0.242187
0.200014
0.174601
0.000045
0.000042
0.000029
0.000025
0.000025
0.000028
0.000027
0.000033
0.000028
0.000026
0.000024
0.000024
0.000024
0.000024
0.000025
0.000025
0.000027
0.000027
0.000025
0.000025
0.000025
0.000024
0.000025
0.000025
0.000024
0.000025
0.000049
0.403645
0.999853
0.999873
0.999781
0.999963
0.999945
0.999941
0.999822
0.437111
0.000240
0.000286
0.003305
0.575325
0.999097
0.999367
0.999553
0.996005
0.604242
0.999874
0.999709
0.626561
0.999572
0.999828
0.998412
0.999455
0.000557
0.000029
0.000025
0.000025
0.000025
0.000025
0.000025
0.000027
0.000025
0.000025
0.000025
0.000025
0.000025
0.000025
0.000025
0.000024
0.000024
0.000024
0.000024
0.000024
0.000025
0.000025
0.000025
0.000025
0.000025
0.000024
0.000024
0.000024
0.000024
0.000024
0.000024
0.000024
0.000025
0.000024
0.000024
0.000024
0.000024
0.000024
0.000024
0.000024
0.000024
0.000024
0.000024
0.000024
0.000024
0.000024
0.000024
0.000025
0.000024
0.000024
0.000024
0.000024
0.000024
0.000024
0.000024
0.000024
0.000024
0.000024
0.000024
0.000024
0.000024
0.000024
0.000024
0.000024
0.000024
0.000025
0.000024
0.000025
0.000025
0.000024
0.000024
0.000024
0.000024
0.000024
0.000024
0.000024
0.000024
0.000024
0.000024
0.000024
0.000024
0.000024
0.000024
0.000025
0.000024
0.000024
0.000025
0.000024
0.000025
0.000024
0.000025
0.000025
0.000025
0.000024
0.000024
0.000024
0.000024
0.000025
0.000025
0.000025
0.000025
0.000024
0.000024
0.000024
0.000024
0.000024
0.000024
0.000024
0.000024
0.000024
0.000024
0.000025
0.000025
0.000024
0.000024
0.000024
0.000024
0.000024
0.000024
0.000024
0.000024
0.000024
0.000024
0.000024
0.000024
0.000024
0.000024
0.000024
0.000024
0.000024
0.000024
0.000024
0.000024
0.000024
0.000024
0.000024
0.000024
0.000024
0.000025
0.000025
0.000024
0.000024
0.000025
0.000025
0.000025
0.000025
0.000025
0.000025
0.000025
0.000025
0.000025
0.000025
0.000026
0.000025
0.000026
0.000026
0.000026
0.000026
0.000026
0.000025
0.000024
0.000024
0.000025
0.000025
0.000024
0.000024
0.000024
0.000024
0.000024
0.000025
0.000024
0.000024
0.000024
0.000024
0.000024
0.000024
0.000025
0.000024
0.000024
0.000024
0.000024
0.000024
0.000025
0.000025
0.000025
0.000024
0.000025
0.000024
0.000024
0.000024
0.000025
0.000025
0.000024
0.000024
0.000025
0.000025
0.000026
0.000025
0.000024
0.000024
0.000024
0.000024
0.000024
0.000024
0.000025
0.000025
0.000024
0.000024
0.000024
0.000025
0.000024
0.000024
0.000024
0.000024
0.000024
0.000024
0.000024
0.000024
0.000024
0.000024
0.000024
0.000025
0.000025
0.000024
0.000024
0.000025
0.000024
0.000025
0.000024
0.000024
0.000025
0.000025
0.000025
0.000025
0.000024
0.000024
0.000024
0.000025
0.000026
0.000027
0.000026
0.000027
0.000027
0.000026
0.000025
0.000025
0.000025
0.000024
0.000025
0.000024
0.000024
0.000024
0.000024
0.000025
0.000024
0.000024
0.000024
0.000024
0.000024
0.000024
0.000024
0.000024
0.000024
0.000024
0.000024
0.000024
0.000025
0.000024
0.000024
0.000024
0.000024
0.000025
0.000025
0.000025
0.000025
0.000024
0.000024
0.000024
0.000024
0.000024
0.000024
0.000024
0.000024
0.000024
0.000024
0.000024
0.000024
0.000024
0.000024
0.000024
0.000024
0.000024
0.000024
0.000024
0.000024
0.000024
0.000025
0.000024
0.000024
0.000024
0.000024
0.000024
0.000024
0.000024
0.000024
0.000024
0.000024
0.000024
0.000024
0.000024
0.000025
0.000024
0.000024
0.000024
0.000024
0.000024
0.000024
0.000024
0.000025
0.000025
0.000025
0.000025
0.000025
0.000024
0.000025
0.000025
0.000025
0.000025
0.000025
0.000025
0.000024
0.000024
0.000024
0.000024
0.000024
0.000024
0.000025
0.000024
0.000024
0.000025
0.000025
0.000025
0.000025
0.000025
0.000025
0.000025
0.000024
0.000024
0.000024
0.000025
0.000025
0.000025
0.000025
0.000025
0.000025
0.000024
0.000024
0.000024
0.000024
0.000024
0.000024
0.000025
0.000025
0.000025
0.000026
0.000025
0.000025
0.000026
0.000025
0.000026
0.000025
0.000026
0.000025
0.000025
0.000025
0.000026
0.000026
0.000025
0.000025
0.000025
0.000024
0.000024
0.000024
0.000024
0.000024
0.000025
0.000025
0.000024
0.000024
0.000024
0.000024
0.000024
0.000024
0.000024
0.000024
0.000024
0.000024
0.000025
0.000025
0.000024
0.000024
0.000024
0.000024
0.000024
0.000024
0.000024
0.000024
0.000024
0.000025
0.000025
0.000024
0.000024
0.000024
0.000024
0.000025
0.000024
0.000025
0.000025
0.000024
0.000024
0.000024
0.000024
0.000024
0.000024
0.000024
0.000024
0.000024
0.000024
0.000024
0.000024
0.000025
0.000025
0.000024
0.000024
0.000024
0.000024
0.000024
0.000025
0.000024
0.000025
0.000025
0.000024
0.000024
0.000024
0.000024
0.000024
0.000024
0.000025
0.000025
0.000024
0.000024
0.000024
0.000025
0.000026
0.000025
0.000024
0.000024
0.000024
0.000024
0.000024
0.000031
0.000025
0.000025
0.000024
0.000025
0.000024
0.000024
0.000024
0.000025
0.000027
0.000033
0.000070
0.000033
0.000027
0.000026
0.000024
0.000024
0.000024
0.000024
0.000024
0.000024
0.000024
0.000024
0.000024
0.000024
0.000024
0.000024
0.000024
0.000024
0.000025
0.000025
0.000024
0.000024
0.000025
0.000025
0.000025
0.000024
0.000024
0.000025
0.000024
0.000024
0.000024
0.000024
0.000024
0.000024
0.000024
0.000024
0.000024
0.000024
0.000025
0.000024
0.000024
0.000025
0.000024
0.000025
0.000025
0.000026
0.000026
0.000024
0.000025
0.000025
0.000024
0.000024
0.000025
0.000025
0.000025
0.000025
0.000025
0.000024
0.000025
0.000024
0.000024
0.000025
0.000025
0.000025
0.000024
0.000025
0.000024
0.000024
0.000024
0.000024
0.000025
0.000025
0.000026
0.000025
0.000024
0.000025
0.000024
0.000024
0.000024
0.000025
0.000024
0.000025
0.000024
0.000024
0.000024
0.000024
0.000025
0.000025
0.000025
0.000027
0.000026
0.000028
0.000026
0.000032
0.000040
0.000031
0.000027
0.000025
0.000024
0.000024
0.000024
0.000024
0.000025
0.000026
0.000026
0.000025
0.000025
0.000024
0.000024
0.000024
0.000024
0.000024
0.000024
0.000024
0.000024
0.000024
0.000024
0.000024
0.000025
0.000024
0.000025
0.000024
0.000024
0.000024
0.000025
0.000024
0.000025
0.000025
0.000025
0.000025
0.000025
0.000025
0.000025
0.000024
0.000024
0.000024
0.000024
0.000024
0.000024
0.000024
0.000024
0.000024
0.000024
0.000024
0.000024
0.000024
0.000025
0.000025
0.000024
0.000024
0.000024
0.000024
0.000024
0.000024
0.000025
0.000025
0.000025
0.000025
0.000025
0.000025
0.000025
0.000025
0.000025
0.000025
0.000024
0.000025
0.000025
0.000024
0.000024
0.000024
0.000024
0.000024
0.000024
0.000024
0.000024
0.000024
0.000024
0.000024
0.000024
0.000024
0.000024
0.000024
0.000024
0.000024
0.000024
0.000025
0.000025
0.000025
0.000025
0.000024
0.000024
0.000024
0.000024
0.000024
0.000024
0.000024
0.000024
0.000025
0.000025
0.000025
0.000024
0.000025
0.000024
0.000024
0.000025
0.000025
0.000024
0.000025
0.000024
0.000024
0.000024
0.000024
0.000024
0.000024
0.000024
0.000024
0.000024
0.000024
0.000024
0.000024
0.000024
0.000024
0.000024
0.000025
0.000024
0.000024
0.000025
0.000025
0.000025
0.000025
0.000025
0.000024
0.000024
0.000024
0.000024
0.000024
0.000025
0.000025
0.000025
0.000025
0.000024
0.000024
0.000024
0.000025
0.000024
0.000024
0.000024
0.000024
0.000024
0.000024
0.000024
0.000024
0.000024
0.000024
0.000024
0.000024
0.000024
0.000024
0.000024
0.000024
0.000024
0.000024
0.000024
0.000025
0.000025
0.000024
0.000024
0.000024
0.000025
0.000024
0.000025
0.000024
0.000024
0.000024
0.000024
0.000024
0.000024
0.000024
0.000025
0.000024
0.000025
0.000025
0.000024
0.000025
0.000025
0.000024
0.000024
0.000024
0.000024
0.000024
0.000024
0.000025
0.000024
0.000024
0.000024
0.000024
0.000024
0.000024
0.000024
0.000024
0.000025
0.000024
0.000024
0.000025
0.000024
0.000025
0.000025
0.000024
0.000025
0.000024
0.000024
0.000024
0.000024
0.000024
0.000024
0.000025
0.000025
0.000025
0.000025
0.000025
0.000025
0.000025
0.000025
0.000025
0.000025
0.000025
0.000025
0.000025
0.000024
0.000024
0.000024
0.000024
0.000024
0.000024
0.000025
0.000024
0.000024
0.000024
0.000024
0.000024
0.000024
0.000024
0.000024
0.000024
0.000024
0.000024
0.000026
0.000026
0.000029
0.000027
0.000024
0.000024
0.000025
0.000024
0.000024
0.000024
0.000024
0.000024
0.000024
0.000024
0.000024
0.000024
0.000028
0.000025
0.000025
0.000025
0.000025
0.000024
0.000025
0.000024
0.000024
0.000024
0.000024
0.000024
0.000024
0.000024
0.000024
0.000024
0.000025
0.000026
0.000027
0.000029
0.000028
0.000027
0.000026
0.000026
0.000025
0.000025
0.000025
0.000025
0.000024
0.000024
0.000024
0.000024
0.000025
0.000026
0.000027
0.000025
0.000025
0.000025
0.000025
0.000025
0.000024
0.000025
0.000024
0.000024
0.000024
0.000025
0.000024
0.000024
0.000026
0.000026
0.000025
0.000025
0.000025
0.000024
0.000024
0.000024
0.000024
0.000024
0.000024
0.000024
0.000024
0.000025
0.000025
0.000025
0.000025
0.000025
0.000025
0.000025
0.000026
0.000027
0.000025
0.000026
0.000024
0.000024
0.000024
0.000024
0.000024
0.000025
0.000025
0.000025
0.000025
0.000025
0.000024
0.000024
0.000024
0.000025
0.000024
0.000025
0.000025
0.000026
0.000025
0.000025
0.000025
0.000026
0.000025
0.000025
0.000026
0.000025
0.000025
0.000024
0.000024
0.000024
0.000026
0.000027
0.000027
0.000028
0.000025
0.000026
0.000026
0.000026
0.000028
0.000028
0.000029
0.000068
0.000067
0.000096
0.000064
0.000101
0.000029
0.000027
0.000026
0.000026
0.000026
0.000025
0.000026
0.000025
0.000025
0.000025
0.000024
0.000024
0.000024
0.000024
0.000025
0.000033
0.000031
0.000034
0.000027
0.000027
0.000028
0.000032
0.000032
0.000058
0.000088
0.227204
0.000032
0.000026
0.000025
0.000027
0.000026
0.000028
0.000027
0.000028
0.000027
0.000028
0.000026
0.000025
0.000025
0.000025
0.000025
0.000025
0.000026
0.000025
0.000024
0.000024
0.000025
0.000024
0.000024
0.000024
0.000025
0.000024
0.000024
0.000024
0.000024
0.000025
0.000025
0.000024
0.000024
0.000024
0.000024
0.000024
0.000024
0.000025
0.000025
0.000026
0.000027
0.000027
0.000026
0.000025
0.000024
0.000024
0.000024
0.000025
0.000025
0.000025
0.000025
0.000025
0.000025
0.000024
0.000024
0.000025
0.000025
0.000025
0.000024
0.000024
0.000025
0.000025
0.000024
0.000024
0.000026
0.000025
0.000024
0.000024
0.000025
0.000024
0.000024
0.000024
0.000024
0.000024
0.000024
0.000024
0.000024
0.000024
